timestamp,date,no2,voc,pm10
1690848066,01-08-2023 00:01,17,104,31.272865
1690848126,01-08-2023 00:02,17,106,33.68672
1690848186,01-08-2023 00:03,17,105,32.40875
1690848246,01-08-2023 00:04,17,109,36.908363
1690848306,01-08-2023 00:05,17,109,33.20677
1690848366,01-08-2023 00:06,17,106,36.08506
1690848426,01-08-2023 00:07,17,105,37.627518
1690848486,01-08-2023 00:08,17,109,35.4728
1690848546,01-08-2023 00:09,16,111,38.870117
1690848606,01-08-2023 00:10,16,109,35.93988
1690848666,01-08-2023 00:11,16,107,36.692192
1690848726,01-08-2023 00:12,15,107,35.599514
1690848786,01-08-2023 00:13,16,108,43.37307
1690848845,01-08-2023 00:14,16,110,39.161285
1690848905,01-08-2023 00:15,16,112,37.39479
1690848965,01-08-2023 00:16,16,112,36.608696
1690849025,01-08-2023 00:17,16,109,36.88624
1690849085,01-08-2023 00:18,16,108,38.331455
1690849145,01-08-2023 00:19,16,110,38.187057
1690849205,01-08-2023 00:20,15,111,39.474567
1690849265,01-08-2023 00:21,15,112,40.874958
1690849325,01-08-2023 00:22,15,110,35.274586
1690849385,01-08-2023 00:23,15,112,41.33091
1690849445,01-08-2023 00:24,15,113,41.30612
1690849505,01-08-2023 00:25,15,109,41.778145
1690849565,01-08-2023 00:26,15,110,46.442917
1690849625,01-08-2023 00:27,15,109,41.026768
1690849685,01-08-2023 00:28,15,110,45.63893
1690849745,01-08-2023 00:29,15,111,43.135464
1690849805,01-08-2023 00:30,15,116,49.292336
1690849865,01-08-2023 00:31,15,118,47.060493
1690849925,01-08-2023 00:32,15,118,36.379
1690849985,01-08-2023 00:33,14,117,43.344055
1690850045,01-08-2023 00:34,15,116,54.05279
1690850105,01-08-2023 00:35,14,117,50.08307
1690850165,01-08-2023 00:36,15,116,51.425705
1690850225,01-08-2023 00:37,13,111,46.169487
1690850285,01-08-2023 00:38,13,115,40.340435
1690850345,01-08-2023 00:39,14,116,43.048534
1690850405,01-08-2023 00:40,13,113,47.664467
1690850465,01-08-2023 00:41,14,114,45.914085
1690850525,01-08-2023 00:42,13,113,47.706814
1690850585,01-08-2023 00:43,13,113,47.42125
1690850645,01-08-2023 00:44,14,113,41.177544
1690850705,01-08-2023 00:45,14,111,49.35034
1690850765,01-08-2023 00:46,14,114,41.624493
1690850825,01-08-2023 00:47,13,114,43.136948
1690850885,01-08-2023 00:48,14,116,41.672203
1690850945,01-08-2023 00:49,13,113,48.54511
1690851005,01-08-2023 00:50,14,112,52.280838
1690851065,01-08-2023 00:51,14,112,46.15319
1690851125,01-08-2023 00:52,14,113,32.281933
1690851185,01-08-2023 00:53,14,116,45.463306
1690851245,01-08-2023 00:54,14,113,49.720436
1690851305,01-08-2023 00:55,14,115,37.021732
1690851365,01-08-2023 00:56,13,113,39.881187
1690851425,01-08-2023 00:57,14,115,47.513847
1690851485,01-08-2023 00:58,13,113,41.63869
1690851545,01-08-2023 00:59,15,115,51.513527
1690851605,01-08-2023 01:00,13,116,40.77588
1690851665,01-08-2023 01:01,13,115,40.569443
1690851725,01-08-2023 01:02,14,117,39.589527
1690851785,01-08-2023 01:03,13,119,39.063137
1690851845,01-08-2023 01:04,14,120,42.04144
1690851905,01-08-2023 01:05,13,118,39.26791
1690851965,01-08-2023 01:06,13,118,42.633614
1690852025,01-08-2023 01:07,12,118,41.56585
1690852085,01-08-2023 01:08,13,117,42.70926
1690852145,01-08-2023 01:09,13,117,43.15706
1690852205,01-08-2023 01:10,0,119,39.02706
1690852265,01-08-2023 01:11,12,121,34.545418
1690852325,01-08-2023 01:12,13,123,39.944977
1690852386,01-08-2023 01:13,12,126,50.34025
1690852446,01-08-2023 01:14,13,124,39.65939
1690852506,01-08-2023 01:15,12,125,41.755547
1690852566,01-08-2023 01:16,12,127,37.720745
1690852626,01-08-2023 01:17,12,125,42.57115
1690852686,01-08-2023 01:18,12,124,41.42318
1690852746,01-08-2023 01:19,12,124,40.80385
1690852806,01-08-2023 01:20,0,125,40.121418
1690852866,01-08-2023 01:21,13,124,41.25467
1690852926,01-08-2023 01:22,12,123,41.540306
1690852986,01-08-2023 01:23,12,125,41.541416
1690853046,01-08-2023 01:24,12,122,36.306274
1690853106,01-08-2023 01:25,12,120,35.525852
1690853166,01-08-2023 01:26,11,124,
1690853226,01-08-2023 01:27,11,130,41.97163
1690853286,01-08-2023 01:28,12,130,36.912804
1690853346,01-08-2023 01:29,11,135,41.882812
1690853406,01-08-2023 01:30,0,133,42.006256
1690853466,01-08-2023 01:31,11,133,32.787632
1690853526,01-08-2023 01:32,11,135,29.08611
1690853586,01-08-2023 01:33,11,132,35.819412
1690853646,01-08-2023 01:34,11,132,40.722965
1690853706,01-08-2023 01:35,10,134,34.152534
1690853766,01-08-2023 01:36,11,132,45.054684
1690853826,01-08-2023 01:37,11,134,45.04989
1690853886,01-08-2023 01:38,10,136,38.870956
1690853946,01-08-2023 01:39,11,140,39.9228
1690854006,01-08-2023 01:40,0,138,44.378525
1690854066,01-08-2023 01:41,10,141,36.672165
1690854126,01-08-2023 01:42,10,141,41.871574
1690854186,01-08-2023 01:43,10,143,37.872074
1690854246,01-08-2023 01:44,9,144,36.786034
1690854306,01-08-2023 01:45,0,138,41.66603
1690854366,01-08-2023 01:46,9,141,37.514145
1690854426,01-08-2023 01:47,10,140,38.327362
1690854486,01-08-2023 01:48,10,135,40.7069
1690854546,01-08-2023 01:49,9,139,45.37993
1690854606,01-08-2023 01:50,9,140,44.648838
1690854666,01-08-2023 01:51,9,143,42.86944
1690854726,01-08-2023 01:52,9,145,52.204952
1690854786,01-08-2023 01:53,9,148,49.11772
1690854846,01-08-2023 01:54,9,142,47.719666
1690854906,01-08-2023 01:55,9,143,50.068
1690854966,01-08-2023 01:56,9,147,44.74747
1690855026,01-08-2023 01:57,9,146,44.89743
1690855086,01-08-2023 01:58,9,142,45.621605
1690855146,01-08-2023 01:59,9,144,54.08131
1690855206,01-08-2023 02:00,9,143,45.652924
1690855266,01-08-2023 02:01,9,143,46.349224
1690855326,01-08-2023 02:02,9,141,39.89635
1690855386,01-08-2023 02:03,9,137,46.892788
1690855446,01-08-2023 02:04,9,137,40.288803
1690855506,01-08-2023 02:05,9,136,46.26707
1690855566,01-08-2023 02:06,9,139,46.239525
1690855626,01-08-2023 02:07,9,137,53.04605
1690855686,01-08-2023 02:08,9,143,43.205353
1690855746,01-08-2023 02:09,9,145,52.355232
1690855806,01-08-2023 02:10,9,141,44.52807
1690855866,01-08-2023 02:11,9,141,43.11934
1690855926,01-08-2023 02:12,9,142,47.301983
1690855986,01-08-2023 02:13,9,148,41.832294
1690856046,01-08-2023 02:14,9,150,
1690856106,01-08-2023 02:15,9,154,44.91533
1690856166,01-08-2023 02:16,9,150,44.742554
1690856226,01-08-2023 02:17,9,159,45.466125
1690856286,01-08-2023 02:18,9,161,48.77135
1690856346,01-08-2023 02:19,8,160,47.255344
1690856406,01-08-2023 02:20,9,155,46.428463
1690856466,01-08-2023 02:21,9,155,46.711803
1690856526,01-08-2023 02:22,9,156,48.679497
1690856586,01-08-2023 02:23,9,153,43.295513
1690856646,01-08-2023 02:24,9,157,43.470493
1690856706,01-08-2023 02:25,9,157,
1690856766,01-08-2023 02:26,0,153,48.74813
1690856826,01-08-2023 02:27,8,152,43.1772
1690856886,01-08-2023 02:28,9,154,40.30449
1690856945,01-08-2023 02:29,8,154,42.928726
1690857005,01-08-2023 02:30,9,152,41.511044
1690857065,01-08-2023 02:31,9,150,49.19396
1690857125,01-08-2023 02:32,9,143,43.973038
1690857185,01-08-2023 02:33,9,144,42.004463
1690857245,01-08-2023 02:34,8,145,42.091995
1690857305,01-08-2023 02:35,7,150,45.543842
1690857365,01-08-2023 02:36,8,150,
1690857426,01-08-2023 02:37,8,145,42.822605
1690857486,01-08-2023 02:38,8,146,
1690857546,01-08-2023 02:39,7,148,41.085484
1690857606,01-08-2023 02:40,7,150,38.71897
1690857666,01-08-2023 02:41,8,149,44.141804
1690857726,01-08-2023 02:42,9,151,44.635834
1690857786,01-08-2023 02:43,9,150,38.658764
1690857846,01-08-2023 02:44,9,152,33.147167
1690857906,01-08-2023 02:45,8,151,47.536392
1690857966,01-08-2023 02:46,9,150,
1690858026,01-08-2023 02:47,9,147,39.708225
1690858086,01-08-2023 02:48,9,150,
1690858146,01-08-2023 02:49,10,147,50.268417
1690858206,01-08-2023 02:50,9,144,42.085457
1690858266,01-08-2023 02:51,10,143,45.6249
1690858326,01-08-2023 02:52,10,143,45.85709
1690858386,01-08-2023 02:53,10,142,43.807896
1690858446,01-08-2023 02:54,10,146,46.014874
1690858506,01-08-2023 02:55,10,145,47.51688
1690858566,01-08-2023 02:56,10,146,49.415535
1690858626,01-08-2023 02:57,10,144,50.72033
1690858686,01-08-2023 02:58,10,150,
1690858746,01-08-2023 02:59,9,149,48.31758
1690858806,01-08-2023 03:00,10,147,46.204273
1690858866,01-08-2023 03:01,10,149,50.499443
1690858926,01-08-2023 03:02,10,146,44.865246
1690858986,01-08-2023 03:03,10,144,46.87878
1690859046,01-08-2023 03:04,10,149,37.71737
1690859106,01-08-2023 03:05,10,147,47.951744
1690859166,01-08-2023 03:06,10,147,47.869926
1690859226,01-08-2023 03:07,10,149,43.190018
1690859286,01-08-2023 03:08,10,145,47.730167
1690859346,01-08-2023 03:09,10,145,43.31878
1690859406,01-08-2023 03:10,10,145,49.48769
1690859466,01-08-2023 03:11,9,146,43.201767
1690859526,01-08-2023 03:12,9,148,46.59556
1690859586,01-08-2023 03:13,9,148,41.381187
1690859646,01-08-2023 03:14,9,147,38.929066
1690859706,01-08-2023 03:15,9,147,42.541565
1690859766,01-08-2023 03:16,9,148,46.51158
1690859826,01-08-2023 03:17,9,147,42.674927
1690859886,01-08-2023 03:18,9,150,46.885773
1690859945,01-08-2023 03:19,9,147,152.80942
1690860005,01-08-2023 03:20,7,151,91.69147
1690860065,01-08-2023 03:21,4,159,88.89656
1690860125,01-08-2023 03:22,0,161,
1690860185,01-08-2023 03:23,3,165,150.87764
1690860245,01-08-2023 03:24,0,189,194.53395
1690860305,01-08-2023 03:25,0,205,195.7965
1690860426,01-08-2023 03:27,0,211,159.24768
1690860486,01-08-2023 03:28,0,211,157.33478
1690860546,01-08-2023 03:29,0,213,169.3892
1690860606,01-08-2023 03:30,0,214,101.84738
1690860666,01-08-2023 03:31,0,211,97.94626
1690860726,01-08-2023 03:32,0,211,147.35901
1690860786,01-08-2023 03:33,0,208,99.99916
1690860846,01-08-2023 03:34,0,207,101.74739
1690860906,01-08-2023 03:35,0,202,99.023895
1690860966,01-08-2023 03:36,0,211,91.763985
1690861026,01-08-2023 03:37,0,210,80.93627
1690861086,01-08-2023 03:38,0,214,84.09862
1690861146,01-08-2023 03:39,0,222,79.565796
1690861206,01-08-2023 03:40,0,221,101.00511
1690861266,01-08-2023 03:41,0,226,160.92468
1690861326,01-08-2023 03:42,0,239,209.30106
1690861386,01-08-2023 03:43,0,248,226.9545
1690861446,01-08-2023 03:44,0,263,258.0127
1690861506,01-08-2023 03:45,0,270,
1690861566,01-08-2023 03:46,0,289,218.09375
1690861626,01-08-2023 03:47,0,379,250.71239
1690861686,01-08-2023 03:48,0,376,
1690861746,01-08-2023 03:49,0,372,196.80885
1690861806,01-08-2023 03:50,0,380,205.02681
1690861866,01-08-2023 03:51,0,414,182.29741
1690861926,01-08-2023 03:52,0,150,187.13782
1690861986,01-08-2023 03:53,0,400,227.84656
1690862046,01-08-2023 03:54,0,357,237.66138
1690862106,01-08-2023 03:55,0,344,213.72636
1690862166,01-08-2023 03:56,0,322,274.2237
1690862226,01-08-2023 03:57,0,321,239.1639
1690862286,01-08-2023 03:58,0,323,234.34705
1690862346,01-08-2023 03:59,0,313,225.711
1690862406,01-08-2023 04:00,0,303,237.82121
1690862466,01-08-2023 04:01,0,306,244.12256
1690862526,01-08-2023 04:02,0,306,224.58466
1690862586,01-08-2023 04:03,0,300,197.28241
1690862646,01-08-2023 04:04,0,292,166.25601
1690862706,01-08-2023 04:05,0,282,43.62197
1690862766,01-08-2023 04:06,0,269,50.475273
1690862826,01-08-2023 04:07,0,256,38.780186
1690862886,01-08-2023 04:08,0,248,33.351284
1690862946,01-08-2023 04:09,0,240,26.482327
1690863006,01-08-2023 04:10,0,243,25.102648
1690863066,01-08-2023 04:11,0,246,36.6139
1690863126,01-08-2023 04:12,0,244,33.477528
1690863186,01-08-2023 04:13,0,236,30.296818
1690863246,01-08-2023 04:14,0,227,24.43295
1690863306,01-08-2023 04:15,0,214,39.011
1690863366,01-08-2023 04:16,0,203,37.233658
1690863426,01-08-2023 04:17,0,206,38.756252
1690863486,01-08-2023 04:18,1,192,35.097015
1690863546,01-08-2023 04:19,0,189,33.266884
1690863606,01-08-2023 04:20,0,185,29.622732
1690863666,01-08-2023 04:21,1,181,29.338402
1690863726,01-08-2023 04:22,1,179,33.924503
1690863786,01-08-2023 04:23,3,177,37.07486
1690863846,01-08-2023 04:24,3,170,30.278757
1690863906,01-08-2023 04:25,4,164,32.590546
1690863966,01-08-2023 04:26,0,164,33.83214
1690864026,01-08-2023 04:27,4,167,30.059063
1690864086,01-08-2023 04:28,5,163,28.874863
1690864146,01-08-2023 04:29,5,163,24.688232
1690864206,01-08-2023 04:30,6,162,29.843102
1690864266,01-08-2023 04:31,7,157,39.85437
1690864326,01-08-2023 04:32,5,151,24.720022
1690864386,01-08-2023 04:33,5,146,33.344288
1690864446,01-08-2023 04:34,6,144,32.699337
1690864506,01-08-2023 04:35,6,146,27.158295
1690864566,01-08-2023 04:36,6,144,24.587444
1690864626,01-08-2023 04:37,6,139,33.468513
1690864686,01-08-2023 04:38,7,139,32.487885
1690864746,01-08-2023 04:39,7,133,37.3819
1690864806,01-08-2023 04:40,7,136,36.21068
1690864866,01-08-2023 04:41,8,134,35.294617
1690864926,01-08-2023 04:42,7,134,30.041492
1690864986,01-08-2023 04:43,8,131,35.002533
1690865046,01-08-2023 04:44,7,131,35.483105
1690865106,01-08-2023 04:45,7,131,32.92649
1690865166,01-08-2023 04:46,7,130,27.911377
1690865226,01-08-2023 04:47,7,132,35.322433
1690865286,01-08-2023 04:48,8,130,31.223934
1690865346,01-08-2023 04:49,8,131,31.552563
1690865406,01-08-2023 04:50,8,132,32.90802
1690865466,01-08-2023 04:51,8,138,20.376675
1690865526,01-08-2023 04:52,8,141,33.954067
1690865586,01-08-2023 04:53,7,150,
1690865646,01-08-2023 04:54,6,156,34.322796
1690865706,01-08-2023 04:55,6,158,22.611118
1690865766,01-08-2023 04:56,5,159,36.809814
1690865826,01-08-2023 04:57,5,158,48.550167
1690865885,01-08-2023 04:58,5,157,49.147377
1690865945,01-08-2023 04:59,5,159,45.97686
1690866005,01-08-2023 05:00,5,157,43.309483
1690866065,01-08-2023 05:01,6,155,39.370445
1690866125,01-08-2023 05:02,6,158,
1690866126,01-08-2023 05:02,0,150,42.330193
1690866186,01-08-2023 05:03,7,157,41.026688
1690866246,01-08-2023 05:04,6,150,
1690866306,01-08-2023 05:05,7,148,43.434994
1690866366,01-08-2023 05:06,8,147,35.110588
1690866426,01-08-2023 05:07,7,144,33.27589
1690866486,01-08-2023 05:08,8,146,35.181496
1690866546,01-08-2023 05:09,8,144,30.79662
1690866606,01-08-2023 05:10,8,142,30.942894
1690866666,01-08-2023 05:11,8,142,35.842308
1690866726,01-08-2023 05:12,8,145,28.930922
1690866786,01-08-2023 05:13,8,137,39.439198
1690866846,01-08-2023 05:14,8,135,33.90489
1690866906,01-08-2023 05:15,8,138,34.03337
1690866966,01-08-2023 05:16,9,142,28.815172
1690867025,01-08-2023 05:17,7,152,30.566135
1690867085,01-08-2023 05:18,8,157,33.694466
1690867145,01-08-2023 05:19,8,165,35.987694
1690867205,01-08-2023 05:20,7,166,33.12561
1690867265,01-08-2023 05:21,7,150,36.738586
1690867326,01-08-2023 05:22,7,171,32.83197
1690867386,01-08-2023 05:23,8,159,38.297813
1690867446,01-08-2023 05:24,8,162,40.933792
1690867506,01-08-2023 05:25,7,183,
1690867566,01-08-2023 05:26,0,219,39.143806
1690867626,01-08-2023 05:27,0,216,35.75446
1690867686,01-08-2023 05:28,1,204,35.132736
1690867746,01-08-2023 05:29,1,205,35.967278
1690867806,01-08-2023 05:30,2,206,31.414906
1690867866,01-08-2023 05:31,2,209,31.981724
1690867926,01-08-2023 05:32,3,213,36.231987
1690867986,01-08-2023 05:33,3,216,29.461323
1690868046,01-08-2023 05:34,3,214,29.171005
1690868106,01-08-2023 05:35,4,209,26.960217
1690868166,01-08-2023 05:36,3,206,33.24283
1690868226,01-08-2023 05:37,4,209,28.737717
1690868286,01-08-2023 05:38,4,205,31.710876
1690868346,01-08-2023 05:39,4,204,30.07518
1690868406,01-08-2023 05:40,5,202,30.14976
1690868466,01-08-2023 05:41,5,200,22.326008
1690868526,01-08-2023 05:42,5,199,30.588339
1690868586,01-08-2023 05:43,5,198,24.181896
1690868646,01-08-2023 05:44,5,204,25.860552
1690868706,01-08-2023 05:45,5,203,30.5049
1690868766,01-08-2023 05:46,6,202,32.26053
1690868826,01-08-2023 05:47,5,198,25.097443
1690868886,01-08-2023 05:48,6,197,31.834782
1690868946,01-08-2023 05:49,6,197,26.944565
1690869006,01-08-2023 05:50,6,197,30.778046
1690869066,01-08-2023 05:51,6,196,30.354633
1690869126,01-08-2023 05:52,6,196,33.985664
1690869186,01-08-2023 05:53,0,194,32.339916
1690869246,01-08-2023 05:54,6,193,27.220001
1690869306,01-08-2023 05:55,6,197,23.730888
1690869366,01-08-2023 05:56,6,198,29.687876
1690869426,01-08-2023 05:57,6,197,21.830383
1690869486,01-08-2023 05:58,6,193,27.446445
1690869546,01-08-2023 05:59,6,191,26.321827
1690869606,01-08-2023 06:00,6,191,30.075092
1690869666,01-08-2023 06:01,6,195,26.086386
1690869726,01-08-2023 06:02,6,193,24.708374
1690869786,01-08-2023 06:03,0,192,23.806488
1690869846,01-08-2023 06:04,8,190,25.199028
1690869906,01-08-2023 06:05,8,194,26.178268
1690869966,01-08-2023 06:06,9,188,22.37435
1690870026,01-08-2023 06:07,8,190,28.722803
1690870086,01-08-2023 06:08,8,185,22.215092
1690870146,01-08-2023 06:09,8,189,21.642948
1690870206,01-08-2023 06:10,9,189,
1690870266,01-08-2023 06:11,9,187,22.721447
1690870326,01-08-2023 06:12,9,184,22.590855
1690870386,01-08-2023 06:13,0,186,20.789951
1690870446,01-08-2023 06:14,8,182,24.880867
1690870506,01-08-2023 06:15,9,184,23.085075
1690870566,01-08-2023 06:16,9,185,14.283348
1690870626,01-08-2023 06:17,10,188,21.693222
1690870686,01-08-2023 06:18,10,186,19.011707
1690870746,01-08-2023 06:19,9,183,23.246815
1690870806,01-08-2023 06:20,9,184,20.981323
1690870866,01-08-2023 06:21,9,188,19.211586
1690870926,01-08-2023 06:22,10,183,21.0694
1690870986,01-08-2023 06:23,0,183,19.077194
1690871046,01-08-2023 06:24,9,181,18.322876
1690871106,01-08-2023 06:25,10,181,23.445133
1690871166,01-08-2023 06:26,10,185,18.772556
1690871226,01-08-2023 06:27,9,180,21.857605
1690871286,01-08-2023 06:28,10,182,22.430626
1690871346,01-08-2023 06:29,0,179,17.7639
1690871406,01-08-2023 06:30,10,179,22.6013
1690871466,01-08-2023 06:31,10,179,22.862564
1690871526,01-08-2023 06:32,10,180,18.44621
1690871586,01-08-2023 06:33,8,181,20.665052
1690871646,01-08-2023 06:34,7,179,22.581612
1690871706,01-08-2023 06:35,8,178,20.939022
1690871766,01-08-2023 06:36,8,178,22.535667
1690871826,01-08-2023 06:37,8,176,21.211258
1690871886,01-08-2023 06:38,8,177,21.63453
1690871946,01-08-2023 06:39,8,177,20.45161
1690872006,01-08-2023 06:40,7,177,19.313377
1690872066,01-08-2023 06:41,8,176,16.984074
1690872126,01-08-2023 06:42,8,176,18.473246
1690872186,01-08-2023 06:43,9,180,18.88593
1690872246,01-08-2023 06:44,9,174,20.450954
1690872306,01-08-2023 06:45,8,176,20.765873
1690872366,01-08-2023 06:46,8,178,18.940193
1690872426,01-08-2023 06:47,8,180,27.116877
1690872486,01-08-2023 06:48,8,177,21.124435
1690872546,01-08-2023 06:49,9,174,20.79047
1690872606,01-08-2023 06:50,8,175,21.874958
1690872666,01-08-2023 06:51,8,171,18.699377
1690872726,01-08-2023 06:52,10,176,10.634049
1690872786,01-08-2023 06:53,8,175,21.204456
1690872846,01-08-2023 06:54,9,175,12.098974
1690872906,01-08-2023 06:55,8,171,22.792007
1690872966,01-08-2023 06:56,8,173,15.307469
1690873026,01-08-2023 06:57,9,175,10.02896
1690873086,01-08-2023 06:58,8,173,17.366657
1690873146,01-08-2023 06:59,8,172,19.586727
1690873206,01-08-2023 07:00,8,174,14.248376
1690873266,01-08-2023 07:01,9,171,13.521449
1690873326,01-08-2023 07:02,9,175,18.832487
1690873386,01-08-2023 07:03,9,169,13.440953
1690873446,01-08-2023 07:04,8,172,18.387085
1690873506,01-08-2023 07:05,9,175,20.855217
1690873566,01-08-2023 07:06,9,173,12.372038
1690873626,01-08-2023 07:07,9,172,12.50511
1690873686,01-08-2023 07:08,9,170,9.816298
1690873746,01-08-2023 07:09,9,171,14.8236265
1690873806,01-08-2023 07:10,10,174,11.738993
1690873866,01-08-2023 07:11,9,173,16.134254
1690873926,01-08-2023 07:12,9,172,16.851448
1690873986,01-08-2023 07:13,9,174,14.638926
1690874046,01-08-2023 07:14,10,170,14.2184925
1690874106,01-08-2023 07:15,9,168,18.383139
1690874166,01-08-2023 07:16,10,172,10.238207
1690874226,01-08-2023 07:17,10,171,16.185863
1690874286,01-08-2023 07:18,9,165,13.523079
1690874346,01-08-2023 07:19,10,168,15.831278
1690874406,01-08-2023 07:20,10,167,13.326137
1690874466,01-08-2023 07:21,9,171,10.532518
1690874526,01-08-2023 07:22,10,169,16.183756
1690874586,01-08-2023 07:23,10,168,13.158349
1690874646,01-08-2023 07:24,10,168,11.85895
1690874706,01-08-2023 07:25,11,169,13.436898
1690874766,01-08-2023 07:26,9,168,11.529291
1690874826,01-08-2023 07:27,9,168,12.801432
1690874886,01-08-2023 07:28,11,167,15.737269
1690874946,01-08-2023 07:29,10,168,13.315707
1690875006,01-08-2023 07:30,10,171,12.642003
1690875066,01-08-2023 07:31,10,167,14.255638
1690875126,01-08-2023 07:32,10,163,9.997476
1690875186,01-08-2023 07:33,10,167,12.439059
1690875246,01-08-2023 07:34,10,166,9.543381
1690875306,01-08-2023 07:35,10,167,8.989397
1690875366,01-08-2023 07:36,10,165,10.357359
1690875426,01-08-2023 07:37,10,163,11.705969
1690875486,01-08-2023 07:38,10,164,9.538021
1690875546,01-08-2023 07:39,10,165,7.8331966
1690875606,01-08-2023 07:40,10,164,7.352104
1690875666,01-08-2023 07:41,10,167,
1690875726,01-08-2023 07:42,10,164,5.376877
1690875786,01-08-2023 07:43,10,159,11.958431
1690875846,01-08-2023 07:44,10,147,16.915234
1690875906,01-08-2023 07:45,0,140,35.713573
1690875966,01-08-2023 07:46,9,138,33.42595
1690876026,01-08-2023 07:47,8,138,28.755125
1690876086,01-08-2023 07:48,8,137,34.891342
1690876146,01-08-2023 07:49,8,134,17.612782
1690876206,01-08-2023 07:50,8,130,23.519375
1690876266,01-08-2023 07:51,9,133,23.706892
1690876326,01-08-2023 07:52,9,130,17.16064
1690876386,01-08-2023 07:53,9,131,21.118546
1690876446,01-08-2023 07:54,8,130,20.639877
1690876506,01-08-2023 07:55,9,129,15.687192
1690876566,01-08-2023 07:56,10,129,21.48027
1690876626,01-08-2023 07:57,8,127,16.495203
1690876686,01-08-2023 07:58,9,124,15.566201
1690876746,01-08-2023 07:59,9,125,22.582027
1690876806,01-08-2023 08:00,9,123,
1690876866,01-08-2023 08:01,10,123,13.330626
1690876926,01-08-2023 08:02,9,120,9.988638
1690876986,01-08-2023 08:03,0,120,15.9514065
1690877046,01-08-2023 08:04,10,120,11.163991
1690877106,01-08-2023 08:05,9,120,11.255005
1690877166,01-08-2023 08:06,9,123,12.579165
1690877226,01-08-2023 08:07,9,127,9.906588
1690877286,01-08-2023 08:08,8,124,8.811672
1690877346,01-08-2023 08:09,8,121,10.745628
1690877406,01-08-2023 08:10,8,121,12.327603
1690877466,01-08-2023 08:11,9,121,14.938662
1690877526,01-08-2023 08:12,9,119,11.196835
1690877586,01-08-2023 08:13,0,120,
1690877646,01-08-2023 08:14,9,120,29.888554
1690877706,01-08-2023 08:15,9,125,38.76386
1690877766,01-08-2023 08:16,9,124,31.967888
1690877826,01-08-2023 08:17,8,124,33.487682
1690877886,01-08-2023 08:18,9,122,43.475983
1690877946,01-08-2023 08:19,9,119,79.62509
1690878006,01-08-2023 08:20,10,120,44.041252
1690878066,01-08-2023 08:21,9,119,43.1174
1690878126,01-08-2023 08:22,10,120,76.84643
1690878186,01-08-2023 08:23,0,120,55.422546
1690878246,01-08-2023 08:24,10,118,23.227657
1690878306,01-08-2023 08:25,10,119,51.12613
1690878366,01-08-2023 08:26,10,116,26.733255
1690878426,01-08-2023 08:27,10,118,50.06548
1690878486,01-08-2023 08:28,10,118,36.08215
1690878546,01-08-2023 08:29,9,119,39.871925
1690878606,01-08-2023 08:30,10,117,57.788815
1690878666,01-08-2023 08:31,10,119,
1690878726,01-08-2023 08:32,10,118,59.275375
1690878786,01-08-2023 08:33,0,120,44.661037
1690878846,01-08-2023 08:34,11,121,15.828835
1690878906,01-08-2023 08:35,10,119,43.961876
1690878966,01-08-2023 08:36,10,119,13.263921
1690879026,01-08-2023 08:37,10,118,29.15079
1690879086,01-08-2023 08:38,10,118,64.778114
1690879146,01-08-2023 08:39,10,120,30.910698
1690879206,01-08-2023 08:40,10,120,41.175926
1690879266,01-08-2023 08:41,10,118,3
1690879326,01-08-2023 08:42,10,117,25.664349
1690879386,01-08-2023 08:43,0,120,120.91541
1690879446,01-08-2023 08:44,11,118,15.261734
1690879506,01-08-2023 08:45,10,119,35.367226
1690879566,01-08-2023 08:46,10,118,48.521126
1690879626,01-08-2023 08:47,10,117,22.14853
1690879686,01-08-2023 08:48,11,116,19.519215
1690879746,01-08-2023 08:49,11,118,3
1690879806,01-08-2023 08:50,0,118,16.75764
1690879866,01-08-2023 08:51,10,119,35.07651
1690879926,01-08-2023 08:52,10,119,41.988045
1690879986,01-08-2023 08:53,11,119,7.567024
1690880046,01-08-2023 08:54,11,120,3
1690880106,01-08-2023 08:55,11,118,29.366873
1690880166,01-08-2023 08:56,10,121,3
1690880226,01-08-2023 08:57,10,119,29.38474
1690880286,01-08-2023 08:58,10,119,52.31993
1690880346,01-08-2023 08:59,11,120,22.073397
1690880406,01-08-2023 09:00,10,119,32.612095
1690880466,01-08-2023 09:01,10,118,38.810623
1690880526,01-08-2023 09:02,10,119,7.4838595
1690880586,01-08-2023 09:03,10,119,47.236057
1690880646,01-08-2023 09:04,10,120,3.2278414
1690880706,01-08-2023 09:05,11,120,14.045628
1690880766,01-08-2023 09:06,10,117,17.964912
1690880826,01-08-2023 09:07,10,120,19.509321
1690880886,01-08-2023 09:08,10,118,71.55972
1690880946,01-08-2023 09:09,10,121,17.107649
1690881006,01-08-2023 09:10,11,120,6.6843596
1690881066,01-08-2023 09:11,11,120,3.8977778
1690881126,01-08-2023 09:12,10,120,4.1221743
1690881186,01-08-2023 09:13,10,122,3
1690881246,01-08-2023 09:14,10,119,3
1690881306,01-08-2023 09:15,11,121,3
1690881366,01-08-2023 09:16,11,118,3
1690881426,01-08-2023 09:17,10,122,16.397144
1690881486,01-08-2023 09:18,11,120,6.007928
1690881546,01-08-2023 09:19,10,119,41.61747
1690881606,01-08-2023 09:20,11,119,17.19496
1690881666,01-08-2023 09:21,10,119,13.9951
1690881726,01-08-2023 09:22,12,120,37.898743
1690881786,01-08-2023 09:23,11,122,6.572789
1690881846,01-08-2023 09:24,11,121,3
1690881906,01-08-2023 09:25,11,120,7.9228706
1690881966,01-08-2023 09:26,11,121,3.7426827
1690882026,01-08-2023 09:27,10,120,54.641106
1690882086,01-08-2023 09:28,11,121,9.484589
1690882146,01-08-2023 09:29,10,121,6.1114793
1690882206,01-08-2023 09:30,11,121,43.279034
1690882266,01-08-2023 09:31,10,119,13.982692
1690882326,01-08-2023 09:32,11,120,67.36343
1690882386,01-08-2023 09:33,11,118,8.376661
1690882446,01-08-2023 09:34,10,117,32.797283
1690882506,01-08-2023 09:35,12,120,3
1690882566,01-08-2023 09:36,11,117,3
1690882626,01-08-2023 09:37,11,116,12.171703
1690882686,01-08-2023 09:38,11,116,5.7220526
1690882746,01-08-2023 09:39,11,118,3
1690882806,01-08-2023 09:40,11,119,34.132896
1690882866,01-08-2023 09:41,11,119,31.314253
1690882926,01-08-2023 09:42,10,119,36.23555
1690882986,01-08-2023 09:43,11,118,10.228218
1690883046,01-08-2023 09:44,12,120,3
1690883106,01-08-2023 09:45,11,117,10.080412
1690883166,01-08-2023 09:46,11,118,3
1690883226,01-08-2023 09:47,11,117,3
1690883286,01-08-2023 09:48,10,118,7.7654495
1690883346,01-08-2023 09:49,11,119,3
1690883406,01-08-2023 09:50,12,120,7.1754546
1690883466,01-08-2023 09:51,11,119,4.4238667
1690883526,01-08-2023 09:52,11,121,21.269413
1690883586,01-08-2023 09:53,11,119,3
1690883646,01-08-2023 09:54,11,118,3.5829484
1690883706,01-08-2023 09:55,11,120,15.012946
1690883766,01-08-2023 09:56,12,118,3
1690883826,01-08-2023 09:57,11,122,4.562167
1690883886,01-08-2023 09:58,11,120,3.702189
1690883946,01-08-2023 09:59,12,119,27.988283
1690884006,01-08-2023 10:00,11,118,7.648919
1690884066,01-08-2023 10:01,12,121,3.603664
1690884126,01-08-2023 10:02,11,119,5.4668837
1690884186,01-08-2023 10:03,11,121,3.3475344
1690884246,01-08-2023 10:04,11,117,3
1690884306,01-08-2023 10:05,11,117,3
1690884366,01-08-2023 10:06,11,118,3
1690884426,01-08-2023 10:07,11,120,15.392591
1690884486,01-08-2023 10:08,10,120,18.87887
1690884546,01-08-2023 10:09,11,119,3
1690884606,01-08-2023 10:10,12,117,48.317154
1690884666,01-08-2023 10:11,12,118,8.959471
1690884726,01-08-2023 10:12,11,119,9.0089855
1690884786,01-08-2023 10:13,12,119,3.435182
1690884846,01-08-2023 10:14,11,121,40.77228
1690884906,01-08-2023 10:15,10,115,7.9063225
1690884966,01-08-2023 10:16,12,119,3.6775823
1690885026,01-08-2023 10:17,11,117,3
1690885086,01-08-2023 10:18,12,119,3
1690885146,01-08-2023 10:19,12,119,3
1690885206,01-08-2023 10:20,11,117,32.487682
1690885266,01-08-2023 10:21,11,120,18.096079
1690885326,01-08-2023 10:22,11,118,3.6826906
1690885386,01-08-2023 10:23,12,118,47.824337
1690885446,01-08-2023 10:24,12,118,28.018078
1690885506,01-08-2023 10:25,11,119,27.619207
1690885566,01-08-2023 10:26,11,120,3
1690885626,01-08-2023 10:27,12,118,48.25608
1690885686,01-08-2023 10:28,11,118,24.512508
1690885746,01-08-2023 10:29,11,117,25.374866
1690885806,01-08-2023 10:30,11,118,7.793046
1690885866,01-08-2023 10:31,11,118,56.08553
1690885926,01-08-2023 10:32,11,120,3.4773064
1690885986,01-08-2023 10:33,0,120,3
1690886046,01-08-2023 10:34,11,119,12.27327
1690886106,01-08-2023 10:35,11,121,3
1690886166,01-08-2023 10:36,12,120,12.563953
1690886226,01-08-2023 10:37,10,117,90.07716
1690886286,01-08-2023 10:38,11,121,4.74864
1690886346,01-08-2023 10:39,11,119,64.99154
1690886406,01-08-2023 10:40,10,120,9.4272995
1690886466,01-08-2023 10:41,11,119,44.36528
1690886526,01-08-2023 10:42,11,119,18.369518
1690886586,01-08-2023 10:43,0,120,33.768005
1690886646,01-08-2023 10:44,11,121,37.102837
1690886706,01-08-2023 10:45,11,120,32.79627
1690886766,01-08-2023 10:46,11,117,48.393734
1690886826,01-08-2023 10:47,11,121,82.23603
1690886886,01-08-2023 10:48,10,121,40.858654
1690886946,01-08-2023 10:49,12,120,47.48153
1690887006,01-08-2023 10:50,11,122,37.50833
1690887066,01-08-2023 10:51,11,117,54.247063
1690887126,01-08-2023 10:52,11,118,48.5791
1690887186,01-08-2023 10:53,0,120,
1690887246,01-08-2023 10:54,10,120,74.08255
1690887306,01-08-2023 10:55,12,121,38.842464
1690887366,01-08-2023 10:56,11,121,41.469986
1690887426,01-08-2023 10:57,11,120,60.29631
1690887486,01-08-2023 10:58,10,120,50.492268
1690887546,01-08-2023 10:59,10,120,30.382019
1690887606,01-08-2023 11:00,11,122,31.998156
1690887666,01-08-2023 11:01,11,120,23.138433
1690887726,01-08-2023 11:02,11,119,37.081882
1690887786,01-08-2023 11:03,0,118,60.120403
1690887846,01-08-2023 11:04,11,121,11.630475
1690887906,01-08-2023 11:05,11,119,23.51649
1690887966,01-08-2023 11:06,11,119,58.260994
1690888026,01-08-2023 11:07,12,120,44.98002
1690888086,01-08-2023 11:08,11,118,55.960968
1690888146,01-08-2023 11:09,11,117,50.145794
1690888206,01-08-2023 11:10,10,118,49.21671
1690888266,01-08-2023 11:11,12,122,51.465492
1690888326,01-08-2023 11:12,0,119,35.281895
1690888386,01-08-2023 11:13,10,119,23.839207
1690888446,01-08-2023 11:14,11,122,60.6567
1690888506,01-08-2023 11:15,10,120,72.880684
1690888566,01-08-2023 11:16,10,118,20.028185
1690888626,01-08-2023 11:17,11,121,31.558928
1690888686,01-08-2023 11:18,11,122,82.62193
1690888746,01-08-2023 11:19,12,118,9.427073
1690888806,01-08-2023 11:20,10,121,95.10827
1690888866,01-08-2023 11:21,10,118,85.21719
1690888926,01-08-2023 11:22,11,118,11.254426
1690888986,01-08-2023 11:23,10,120,46.64298
1690889046,01-08-2023 11:24,10,121,11.45311
1690889106,01-08-2023 11:25,10,121,8.8318405
1690889166,01-08-2023 11:26,10,121,45.470573
1690889226,01-08-2023 11:27,11,122,25.825687
1690889286,01-08-2023 11:28,10,122,50.854324
1690889346,01-08-2023 11:29,10,123,6.3609366
1690889406,01-08-2023 11:30,9,124,60.35737
1690889466,01-08-2023 11:31,10,121,7.497488
1690889526,01-08-2023 11:32,10,125,22.567886
1690889586,01-08-2023 11:33,11,126,28.624178
1690889646,01-08-2023 11:34,10,121,21.767149
1690889706,01-08-2023 11:35,10,124,10.94959
1690889766,01-08-2023 11:36,10,124,18.423737
1690889826,01-08-2023 11:37,10,124,13.982727
1690889886,01-08-2023 11:38,10,122,12.873527
1690889946,01-08-2023 11:39,10,124,18.97784
1690890006,01-08-2023 11:40,10,122,13.361813
1690890066,01-08-2023 11:41,10,121,21.110783
1690890126,01-08-2023 11:42,10,123,19.345806
1690890186,01-08-2023 11:43,10,122,19.882523
1690890246,01-08-2023 11:44,10,120,11.062077
1690890306,01-08-2023 11:45,10,120,10.022203
1690890366,01-08-2023 11:46,10,122,14.710383
1690890426,01-08-2023 11:47,11,121,12.363944
1690890486,01-08-2023 11:48,11,120,10.510866
1690890546,01-08-2023 11:49,10,119,25.68737
1690890606,01-08-2023 11:50,10,123,11.591131
1690890666,01-08-2023 11:51,11,121,28.257902
1690890726,01-08-2023 11:52,10,125,15.556614
1690890786,01-08-2023 11:53,10,122,25.912828
1690890846,01-08-2023 11:54,11,117,17.724512
1690890906,01-08-2023 11:55,10,119,15.792999
1690890966,01-08-2023 11:56,11,119,7.7341022
1690891026,01-08-2023 11:57,11,121,11.313512
1690891086,01-08-2023 11:58,10,119,29.071539
1690891146,01-08-2023 11:59,11,117,20.018444
1690891206,01-08-2023 12:00,11,117,40.70111
1690891266,01-08-2023 12:01,10,118,10.110337
1690891326,01-08-2023 12:02,10,117,16.20053
1690891386,01-08-2023 12:03,11,119,9.577674
1690891446,01-08-2023 12:04,10,119,56.602707
1690891506,01-08-2023 12:05,11,117,12.080179
1690891566,01-08-2023 12:06,11,118,19.126102
1690891626,01-08-2023 12:07,11,118,14.182547
1690891686,01-08-2023 12:08,11,117,26.064878
1690891746,01-08-2023 12:09,10,117,7.775651
1690891806,01-08-2023 12:10,11,113,31.655008
1690891866,01-08-2023 12:11,11,113,8.297475
1690891926,01-08-2023 12:12,11,115,11.177379
1690891986,01-08-2023 12:13,11,115,41.07114
1690892046,01-08-2023 12:14,11,116,14.358802
1690892106,01-08-2023 12:15,12,115,14.853334
1690892166,01-08-2023 12:16,11,115,46.78169
1690892226,01-08-2023 12:17,11,115,17.724228
1690892286,01-08-2023 12:18,11,112,32.173706
1690892346,01-08-2023 12:19,10,114,42.23212
1690892406,01-08-2023 12:20,11,116,44.319374
1690892466,01-08-2023 12:21,11,113,16.117758
1690892526,01-08-2023 12:22,11,112,34.050064
1690892586,01-08-2023 12:23,12,116,19.57933
1690892646,01-08-2023 12:24,12,114,32.648495
1690892706,01-08-2023 12:25,12,114,17.184175
1690892766,01-08-2023 12:26,11,114,26.27028
1690892826,01-08-2023 12:27,11,115,42.098507
1690892886,01-08-2023 12:28,11,115,47.912697
1690892946,01-08-2023 12:29,12,114,6.3746557
1690893006,01-08-2023 12:30,11,113,41.434017
1690893066,01-08-2023 12:31,12,112,65.087524
1690893126,01-08-2023 12:32,11,111,45.047012
1690893186,01-08-2023 12:33,11,113,26.422323
1690893246,01-08-2023 12:34,12,115,48.445793
1690893306,01-08-2023 12:35,11,115,46.157345
1690893366,01-08-2023 12:36,12,113,32.26701
1690893426,01-08-2023 12:37,12,114,33.15265
1690893486,01-08-2023 12:38,12,112,53.136436
1690893546,01-08-2023 12:39,11,114,39.731876
1690893606,01-08-2023 12:40,12,113,17.732529
1690893666,01-08-2023 12:41,12,115,40.390377
1690893726,01-08-2023 12:42,11,114,54.35271
1690893786,01-08-2023 12:43,12,115,55.48954
1690893846,01-08-2023 12:44,11,113,3
1690893906,01-08-2023 12:45,11,115,16.960562
1690893966,01-08-2023 12:46,11,115,55.643417
1690894026,01-08-2023 12:47,12,115,41.622433
1690894086,01-08-2023 12:48,12,116,8.982143
1690894146,01-08-2023 12:49,11,114,3
1690894206,01-08-2023 12:50,11,117,48.154686
1690894266,01-08-2023 12:51,12,117,8.954675
1690894326,01-08-2023 12:52,11,114,24.382393
1690894386,01-08-2023 12:53,0,114,32.4402
1690894446,01-08-2023 12:54,11,114,28.007328
1690894506,01-08-2023 12:55,11,116,18.825588
1690894566,01-08-2023 12:56,11,115,61.987747
1690894626,01-08-2023 12:57,12,115,35.167023
1690894686,01-08-2023 12:58,11,115,35.63944
1690894746,01-08-2023 12:59,11,118,29.261337
1690894806,01-08-2023 13:00,11,117,11.38102
1690894866,01-08-2023 13:01,11,116,38.192764
1690894926,01-08-2023 13:02,11,116,25.755419
1690894986,01-08-2023 13:03,0,115,56.80623
1690895046,01-08-2023 13:04,12,116,23.963982
1690895106,01-08-2023 13:05,11,116,40.920715
1690895166,01-08-2023 13:06,11,118,41.86022
1690895226,01-08-2023 13:07,12,117,35.90258
1690895286,01-08-2023 13:08,11,117,39.60946
1690895346,01-08-2023 13:09,12,116,9.517174
1690895406,01-08-2023 13:10,12,115,6.639405
1690895466,01-08-2023 13:11,12,116,9.879084
1690895526,01-08-2023 13:12,12,115,59.295868
1690895586,01-08-2023 13:13,0,115,19.743202
1690895646,01-08-2023 13:14,11,116,50.117786
1690895706,01-08-2023 13:15,11,114,
1690895766,01-08-2023 13:16,11,116,26.925678
1690895826,01-08-2023 13:17,11,116,32.698753
1690895886,01-08-2023 13:18,12,114,50.286877
1690895946,01-08-2023 13:19,12,113,48.92883
1690896006,01-08-2023 13:20,12,113,58.135536
1690896066,01-08-2023 13:21,12,115,81.13402
1690896126,01-08-2023 13:22,12,114,
1690896186,01-08-2023 13:23,0,116,24.93172
1690896246,01-08-2023 13:24,11,114,20.31439
1690896306,01-08-2023 13:25,12,118,14.410043
1690896366,01-08-2023 13:26,11,121,35.06089
1690896426,01-08-2023 13:27,6,116,48.056503
1690896486,01-08-2023 13:28,0,112,67.464226
1690896546,01-08-2023 13:29,0,124,209.66142
1690896606,01-08-2023 13:30,0,141,298.17386
1690896666,01-08-2023 13:31,0,156,145.60565
1690896726,01-08-2023 13:32,0,163,202.72528
1690896786,01-08-2023 13:33,0,174,207.48006
1690896846,01-08-2023 13:34,0,186,219.92914
1690896906,01-08-2023 13:35,0,193,218.12129
1690896966,01-08-2023 13:36,0,191,198.06406
1690897026,01-08-2023 13:37,0,194,119.11915
1690897086,01-08-2023 13:38,0,196,130.61998
1690897146,01-08-2023 13:39,0,201,151.58832
1690897206,01-08-2023 13:40,0,200,85.96717
1690897266,01-08-2023 13:41,0,201,93.07367
1690897326,01-08-2023 13:42,0,198,76.041756
1690897386,01-08-2023 13:43,0,200,63.32327
1690897446,01-08-2023 13:44,0,197,68.16816
1690897506,01-08-2023 13:45,0,202,51.55236
1690897566,01-08-2023 13:46,0,202,52.443413
1690897626,01-08-2023 13:47,0,199,58.466187
1690897686,01-08-2023 13:48,0,201,45.330494
1690897746,01-08-2023 13:49,0,197,50.68649
1690897806,01-08-2023 13:50,0,199,41.350456
1690897866,01-08-2023 13:51,0,199,
1690897926,01-08-2023 13:52,0,200,42.207096
1690897986,01-08-2023 13:53,0,202,41.52424
1690898046,01-08-2023 13:54,0,199,35.62707
1690898106,01-08-2023 13:55,0,202,35.4421
1690898166,01-08-2023 13:56,0,197,22.616362
1690898226,01-08-2023 13:57,0,199,26.29213
1690898286,01-08-2023 13:58,0,201,24.223557
1690898346,01-08-2023 13:59,0,198,24.269241
1690898406,01-08-2023 14:00,0,194,24.285976
1690898466,01-08-2023 14:01,0,192,18.599869
1690898526,01-08-2023 14:02,0,187,18.86737
1690898586,01-08-2023 14:03,0,184,16.63797
1690898646,01-08-2023 14:04,0,184,21.439884
1690898706,01-08-2023 14:05,0,184,15.211353
1690898766,01-08-2023 14:06,0,184,15.816458
1690898826,01-08-2023 14:07,0,178,9.987959
1690898886,01-08-2023 14:08,0,182,10.7730665
1690898946,01-08-2023 14:09,0,209,15.136885
1690899006,01-08-2023 14:10,0,247,36.430298
1690899066,01-08-2023 14:11,0,261,14.684586
1690899126,01-08-2023 14:12,0,265,3
1690899186,01-08-2023 14:13,0,263,33.771873
1690899246,01-08-2023 14:14,0,259,37.900005
1690899306,01-08-2023 14:15,0,253,19.0809
1690899366,01-08-2023 14:16,0,249,32.397438
1690899426,01-08-2023 14:17,0,243,15.256641
1690899486,01-08-2023 14:18,0,231,4.0180817
1690899546,01-08-2023 14:19,0,223,3.131361
1690899606,01-08-2023 14:20,0,211,14.348711
1690899666,01-08-2023 14:21,0,196,29.687853
1690899726,01-08-2023 14:22,0,186,156.56015
1690899786,01-08-2023 14:23,0,180,294.15216
1690899846,01-08-2023 14:24,0,186,309.356
1690899906,01-08-2023 14:25,0,190,
1690899966,01-08-2023 14:26,0,196,240.80844
1690900026,01-08-2023 14:27,0,200,213.44402
1690900086,01-08-2023 14:28,0,204,199.27417
1690900146,01-08-2023 14:29,0,200,233.29178
1690900206,01-08-2023 14:30,0,197,284.0448
1690900266,01-08-2023 14:31,0,191,283.3095
1690900326,01-08-2023 14:32,0,193,233.29135
1690900386,01-08-2023 14:33,0,190,226.14604
1690900446,01-08-2023 14:34,0,186,261.50858
1690900506,01-08-2023 14:35,0,180,
1690900566,01-08-2023 14:36,0,174,206.07574
1690900626,01-08-2023 14:37,0,173,199.09491
1690900686,01-08-2023 14:38,0,169,167.22119
1690900746,01-08-2023 14:39,0,166,108.25749
1690900806,01-08-2023 14:40,0,171,102.36351
1690900866,01-08-2023 14:41,0,172,71.187454
1690900926,01-08-2023 14:42,1,170,73.82375
1690900986,01-08-2023 14:43,1,168,75.30593
1690901046,01-08-2023 14:44,2,162,74.648056
1690901106,01-08-2023 14:45,2,162,50.221275
1690901166,01-08-2023 14:46,2,163,56.842464
1690901226,01-08-2023 14:47,2,159,47.112267
1690901286,01-08-2023 14:48,2,156,50.358234
1690901346,01-08-2023 14:49,3,160,52.456604
1690901406,01-08-2023 14:50,3,159,46.515167
1690901466,01-08-2023 14:51,3,156,41.551575
1690901526,01-08-2023 14:52,4,150,39.72432
1690901586,01-08-2023 14:53,7,148,28.144657
1690901646,01-08-2023 14:54,8,146,23.162935
1690901706,01-08-2023 14:55,6,142,30.437712
1690901766,01-08-2023 14:56,7,144,18.704111
1690901826,01-08-2023 14:57,8,138,7.679722
1690901886,01-08-2023 14:58,8,136,
1690901946,01-08-2023 14:59,10,133,29.251844
1690902006,01-08-2023 15:00,10,133,41.602287
1690902066,01-08-2023 15:01,8,136,57.315384
1690902126,01-08-2023 15:02,5,141,60.92684
1690902186,01-08-2023 15:03,6,143,57.87405
1690902246,01-08-2023 15:04,6,141,45.48482
1690902306,01-08-2023 15:05,6,145,46.67005
1690902366,01-08-2023 15:06,6,145,35.76193
1690902426,01-08-2023 15:07,6,139,21.186728
1690902486,01-08-2023 15:08,8,135,
1690902546,01-08-2023 15:09,9,140,12.021879
1690902606,01-08-2023 15:10,10,136,3
1690902666,01-08-2023 15:11,10,134,3
1690902726,01-08-2023 15:12,12,132,26.228962
1690902786,01-08-2023 15:13,12,129,3
1690902846,01-08-2023 15:14,12,130,3.2905416
1690902906,01-08-2023 15:15,13,129,3
1690902966,01-08-2023 15:16,12,140,3
1690903026,01-08-2023 15:17,13,144,
1690903086,01-08-2023 15:18,13,142,
1690903146,01-08-2023 15:19,14,141,3
1690903206,01-08-2023 15:20,15,138,3.0014944
1690903266,01-08-2023 15:21,15,139,3
1690903326,01-08-2023 15:22,15,135,3.760075
1690903386,01-08-2023 15:23,0,137,3
1690903446,01-08-2023 15:24,13,138,3
1690903506,01-08-2023 15:25,13,135,22.83137
1690903566,01-08-2023 15:26,13,136,3
1690903626,01-08-2023 15:27,0,134,3
1690903686,01-08-2023 15:28,14,128,4.6992364
1690903746,01-08-2023 15:29,14,125,14.631132
1690903806,01-08-2023 15:30,14,128,38.767853
1690903866,01-08-2023 15:31,13,128,4.252522
1690903926,01-08-2023 15:32,14,127,3
1690903986,01-08-2023 15:33,0,127,5.596116
1690904046,01-08-2023 15:34,14,129,33.784355
1690904106,01-08-2023 15:35,14,130,13.325654
1690904166,01-08-2023 15:36,14,128,3
1690904226,01-08-2023 15:37,14,130,
1690904286,01-08-2023 15:38,14,128,3
1690904346,01-08-2023 15:39,13,128,3
1690904406,01-08-2023 15:40,14,127,31.935492
1690904466,01-08-2023 15:41,14,126,3
1690904526,01-08-2023 15:42,14,127,28.709242
1690904586,01-08-2023 15:43,0,128,24.788511
1690904646,01-08-2023 15:44,16,131,3
1690904706,01-08-2023 15:45,16,130,7.264442
1690904766,01-08-2023 15:46,16,129,4.9931946
1690904826,01-08-2023 15:47,15,131,3.1609523
1690904886,01-08-2023 15:48,16,132,3
1690904946,01-08-2023 15:49,15,132,7.67815
1690905006,01-08-2023 15:50,15,131,3
1690905066,01-08-2023 15:51,16,131,11.745463
1690905126,01-08-2023 15:52,15,134,14.715513
1690905186,01-08-2023 15:53,0,130,3
1690905246,01-08-2023 15:54,17,132,21.60625
1690905306,01-08-2023 15:55,16,132,3
1690905366,01-08-2023 15:56,0,132,8.696793
1690905426,01-08-2023 15:57,16,132,20.966087
1690905486,01-08-2023 15:58,16,134,22.610464
1690905546,01-08-2023 15:59,16,131,21.546934
1690905606,01-08-2023 16:00,16,135,64.63621
1690905666,01-08-2023 16:01,16,131,9.09486
1690905726,01-08-2023 16:02,16,131,3.708778
1690905786,01-08-2023 16:03,16,133,3.738327
1690905846,01-08-2023 16:04,16,132,3
1690905906,01-08-2023 16:05,16,130,
1690905965,01-08-2023 16:06,16,128,3
1690906025,01-08-2023 16:07,16,130,26.721863
1690906085,01-08-2023 16:08,16,130,10.317688
1690906145,01-08-2023 16:09,16,130,37.443436
1690906205,01-08-2023 16:10,16,129,4.1823416
1690906265,01-08-2023 16:11,17,130,12.564568
1690906325,01-08-2023 16:12,16,129,8.164463
1690906385,01-08-2023 16:13,16,129,22.490385
1690906445,01-08-2023 16:14,16,130,3
1690906505,01-08-2023 16:15,16,132,3
1690906565,01-08-2023 16:16,15,130,6.880417
1690906625,01-08-2023 16:17,16,134,3
1690906685,01-08-2023 16:18,16,132,3
1690906745,01-08-2023 16:19,17,130,3.0161624
1690906805,01-08-2023 16:20,16,131,14.447982
1690906865,01-08-2023 16:21,16,131,
1690906926,01-08-2023 16:22,17,132,3
1690906986,01-08-2023 16:23,16,132,3
1690907046,01-08-2023 16:24,16,128,3.448048
1690907106,01-08-2023 16:25,16,132,4.9479055
1690907166,01-08-2023 16:26,16,133,3
1690907226,01-08-2023 16:27,16,130,
1690907286,01-08-2023 16:28,16,129,3
1690907346,01-08-2023 16:29,16,126,3
1690907406,01-08-2023 16:30,16,128,3
1690907466,01-08-2023 16:31,16,130,11.361999
1690907526,01-08-2023 16:32,16,130,3
1690907586,01-08-2023 16:33,16,128,3.3974242
1690907646,01-08-2023 16:34,17,128,3
1690907706,01-08-2023 16:35,16,126,3
1690907766,01-08-2023 16:36,15,128,3
1690907826,01-08-2023 16:37,16,131,11.279909
1690907886,01-08-2023 16:38,16,126,3
1690907946,01-08-2023 16:39,16,132,3
1690908006,01-08-2023 16:40,16,134,3
1690908066,01-08-2023 16:41,17,132,3.02493
1690908126,01-08-2023 16:42,16,131,8.2253475
1690908186,01-08-2023 16:43,17,130,17.516785
1690908246,01-08-2023 16:44,16,130,3
1690908306,01-08-2023 16:45,16,129,3
1690908366,01-08-2023 16:46,16,129,3.3619184
1690908426,01-08-2023 16:47,17,130,
1690908486,01-08-2023 16:48,17,134,23.080917
1690908546,01-08-2023 16:49,16,135,10.460748
1690908606,01-08-2023 16:50,17,131,3
1690908666,01-08-2023 16:51,0,127,9.251581
1690908726,01-08-2023 16:52,17,126,
1690908786,01-08-2023 16:53,17,125,3.0102882
1690908846,01-08-2023 16:54,17,122,3
1690908906,01-08-2023 16:55,17,125,3
1690908966,01-08-2023 16:56,16,122,3.4875202
1690909026,01-08-2023 16:57,16,120,3
1690909086,01-08-2023 16:58,17,119,
1690909146,01-08-2023 16:59,16,117,18.488342
1690909206,01-08-2023 17:00,16,115,
1690909266,01-08-2023 17:01,15,114,52.05709
1690909326,01-08-2023 17:02,16,111,3
1690909386,01-08-2023 17:03,16,114,3.5015297
1690909446,01-08-2023 17:04,16,114,7.117499
1690909506,01-08-2023 17:05,17,113,8.143262
1690909566,01-08-2023 17:06,16,113,3
1690909626,01-08-2023 17:07,15,116,37.190125
1690909686,01-08-2023 17:08,14,118,
1690909746,01-08-2023 17:09,9,121,54.573387
1690909806,01-08-2023 17:10,1,139,80.05263
1690909866,01-08-2023 17:11,0,151,83.35007
1690909926,01-08-2023 17:12,0,167,201.8308
1690909986,01-08-2023 17:13,0,182,175.03522
1690910046,01-08-2023 17:14,0,195,111.616776
1690910106,01-08-2023 17:15,0,198,109.5927
1690910166,01-08-2023 17:16,0,194,95.01222
1690910226,01-08-2023 17:17,0,195,100.50101
1690910286,01-08-2023 17:18,0,190,
1690910346,01-08-2023 17:19,0,190,
1690910406,01-08-2023 17:20,0,185,91.37561
1690910466,01-08-2023 17:21,0,178,58.94817
1690910526,01-08-2023 17:22,0,178,54.592087
1690910586,01-08-2023 17:23,0,177,55.90425
1690910646,01-08-2023 17:24,0,171,57.74978
1690910706,01-08-2023 17:25,0,171,86.41054
1690910766,01-08-2023 17:26,0,179,162.93637
1690910826,01-08-2023 17:27,0,187,217.45763
1690910886,01-08-2023 17:28,0,206,170.94357
1690910946,01-08-2023 17:29,0,219,179.17545
1690911066,01-08-2023 17:31,0,240,229.36604
1690911126,01-08-2023 17:32,0,244,236.75833
1690911186,01-08-2023 17:33,0,240,
1690911246,01-08-2023 17:34,0,237,196.37262
1690911306,01-08-2023 17:35,0,237,240.88351
1690911366,01-08-2023 17:36,0,236,174.60855
1690911426,01-08-2023 17:37,0,236,193.74973
1690911486,01-08-2023 17:38,0,231,120.019424
1690911546,01-08-2023 17:39,0,226,181.8696
1690911606,01-08-2023 17:40,0,222,147.80524
1690911666,01-08-2023 17:41,0,218,116.347206
1690911726,01-08-2023 17:42,0,217,108.16475
1690911786,01-08-2023 17:43,0,210,100.18739
1690911846,01-08-2023 17:44,0,204,64.51674
1690911906,01-08-2023 17:45,0,201,73.51575
1690911966,01-08-2023 17:46,0,199,65.07319
1690912026,01-08-2023 17:47,0,198,70.98709
1690912086,01-08-2023 17:48,0,196,55.148556
1690912146,01-08-2023 17:49,0,192,71.128426
1690912206,01-08-2023 17:50,0,193,50.007576
1690912266,01-08-2023 17:51,0,194,
1690912267,01-08-2023 17:51,0,195,54.432625
1690912326,01-08-2023 17:52,0,193,55.0851
1690912327,01-08-2023 17:52,0,192,
1690912386,01-08-2023 17:53,0,190,51.42128
1690912446,01-08-2023 17:54,0,187,56.041492
1690912506,01-08-2023 17:55,0,188,51.014885
1690912566,01-08-2023 17:56,0,184,
1690912626,01-08-2023 17:57,0,185,54.488514
1690912686,01-08-2023 17:58,0,182,
1690912746,01-08-2023 17:59,0,180,
1690912806,01-08-2023 18:00,0,180,56.430145
1690912866,01-08-2023 18:01,0,178,48.886734
1690912926,01-08-2023 18:02,0,177,53.30064
1690912986,01-08-2023 18:03,0,174,52.58983
1690913046,01-08-2023 18:04,0,172,49.629456
1690913106,01-08-2023 18:05,0,170,48.02896
1690913166,01-08-2023 18:06,0,170,51.650013
1690913226,01-08-2023 18:07,0,176,45.964165
1690913286,01-08-2023 18:08,0,170,45.41167
1690913346,01-08-2023 18:09,0,164,46.52906
1690913406,01-08-2023 18:10,0,165,44.816826
1690913466,01-08-2023 18:11,0,164,44.42588
1690913526,01-08-2023 18:12,0,167,37.52427
1690913586,01-08-2023 18:13,0,167,39.18557
1690913646,01-08-2023 18:14,0,166,31.375706
1690913707,01-08-2023 18:15,2,166,37.353992
1690913767,01-08-2023 18:16,1,166,30.48833
1690913827,01-08-2023 18:17,1,162,23.423615
1690913887,01-08-2023 18:18,0,161,34.19809
1690913947,01-08-2023 18:19,2,164,26.092312
1690914007,01-08-2023 18:20,1,159,26.674156
1690914067,01-08-2023 18:21,2,160,25.014578
1690914127,01-08-2023 18:22,2,164,20.568422
1690914187,01-08-2023 18:23,2,163,19.952808
1690914247,01-08-2023 18:24,4,161,24.577753
1690914307,01-08-2023 18:25,4,159,22.101662
1690914367,01-08-2023 18:26,4,159,16.838469
1690914427,01-08-2023 18:27,5,159,17.210054
1690914487,01-08-2023 18:28,4,162,14.602236
1690914547,01-08-2023 18:29,5,154,14.855045
1690914607,01-08-2023 18:30,5,155,16.447407
1690914667,01-08-2023 18:31,6,151,12.524606
1690914727,01-08-2023 18:32,5,153,6.5027494
1690914787,01-08-2023 18:33,5,156,15.306896
1690914847,01-08-2023 18:34,6,154,14.81694
1690914907,01-08-2023 18:35,7,150,15.467572
1690914967,01-08-2023 18:36,7,148,10.587341
1690915027,01-08-2023 18:37,7,148,11.919382
1690915086,01-08-2023 18:38,7,143,9.712311
1690915146,01-08-2023 18:39,8,142,12.76161
1690915206,01-08-2023 18:40,7,141,10.792564
1690915266,01-08-2023 18:41,8,142,17.07458
1690915326,01-08-2023 18:42,8,141,13.432231
1690915386,01-08-2023 18:43,7,141,12.385513
1690915446,01-08-2023 18:44,9,142,18.255253
1690915506,01-08-2023 18:45,8,142,12.63528
1690915566,01-08-2023 18:46,8,141,13.295274
1690915626,01-08-2023 18:47,8,140,10.627147
1690915686,01-08-2023 18:48,9,138,10.521328
1690915746,01-08-2023 18:49,9,136,14.157956
1690915806,01-08-2023 18:50,9,136,17.451471
1690915866,01-08-2023 18:51,9,138,27.074099
1690915926,01-08-2023 18:52,9,140,11.033868
1690915986,01-08-2023 18:53,9,136,25.524387
1690916046,01-08-2023 18:54,9,132,12.461426
1690916106,01-08-2023 18:55,9,135,8.948801
1690916166,01-08-2023 18:56,9,138,
1690916226,01-08-2023 18:57,9,136,10.2970915
1690916286,01-08-2023 18:58,9,136,29.416094
1690916346,01-08-2023 18:59,9,136,32.845528
1690916406,01-08-2023 19:00,9,133,42.547115
1690916466,01-08-2023 19:01,9,134,50.425423
1690916526,01-08-2023 19:02,9,137,46.804443
1690916586,01-08-2023 19:03,9,133,21.443115
1690916646,01-08-2023 19:04,9,134,
1690916706,01-08-2023 19:05,9,135,47.785316
1690916766,01-08-2023 19:06,9,131,42.459576
1690916826,01-08-2023 19:07,9,133,37.406734
1690916886,01-08-2023 19:08,0,134,11.600802
1690916946,01-08-2023 19:09,10,135,48.709003
1690917006,01-08-2023 19:10,9,135,7.6455946
1690917066,01-08-2023 19:11,9,134,3
1690917126,01-08-2023 19:12,9,132,26.003754
1690917186,01-08-2023 19:13,9,131,14.018412
1690917246,01-08-2023 19:14,9,130,26.195635
1690917306,01-08-2023 19:15,9,134,26.220963
1690917366,01-08-2023 19:16,9,134,3.686963
1690917426,01-08-2023 19:17,9,131,5.71495
1690917486,01-08-2023 19:18,9,132,46.800304
1690917546,01-08-2023 19:19,9,132,25.427195
1690917606,01-08-2023 19:20,9,135,3
1690917666,01-08-2023 19:21,9,134,24.44937
1690917726,01-08-2023 19:22,9,136,31.468782
1690917786,01-08-2023 19:23,9,132,14.018242
1690917846,01-08-2023 19:24,10,136,3
1690917906,01-08-2023 19:25,10,139,16.206936
1690917966,01-08-2023 19:26,10,134,10.251875
1690918026,01-08-2023 19:27,11,134,26.206278
1690918086,01-08-2023 19:28,0,133,7.095731
1690918146,01-08-2023 19:29,10,131,
1690918206,01-08-2023 19:30,10,133,38.1201
1690918266,01-08-2023 19:31,10,134,3
1690918326,01-08-2023 19:32,10,129,3
1690918386,01-08-2023 19:33,11,131,36.144073
1690918446,01-08-2023 19:34,10,129,11.6991625
1690918506,01-08-2023 19:35,10,129,3
1690918566,01-08-2023 19:36,10,132,3
1690918627,01-08-2023 19:37,10,129,4.7007666
1690918687,01-08-2023 19:38,10,130,
1690918747,01-08-2023 19:39,11,132,3
1690918807,01-08-2023 19:40,11,126,3
1690918867,01-08-2023 19:41,10,125,3
1690918927,01-08-2023 19:42,10,127,23.723814
1690918987,01-08-2023 19:43,11,127,3
1690919047,01-08-2023 19:44,10,128,
1690919106,01-08-2023 19:45,10,129,24.274796
1690919166,01-08-2023 19:46,10,128,3
1690919226,01-08-2023 19:47,10,125,13.78915
1690919286,01-08-2023 19:48,11,128,3
1690919346,01-08-2023 19:49,11,125,3
1690919406,01-08-2023 19:50,11,126,3
1690919466,01-08-2023 19:51,11,127,3.4912186
1690919526,01-08-2023 19:52,11,125,12.174007
1690919586,01-08-2023 19:53,11,125,3
1690919646,01-08-2023 19:54,11,126,3
1690919706,01-08-2023 19:55,11,126,3
1690919766,01-08-2023 19:56,11,124,24.513746
1690919826,01-08-2023 19:57,11,123,3
1690919886,01-08-2023 19:58,11,124,14.068533
1690919946,01-08-2023 19:59,11,126,3.0195928
1690920006,01-08-2023 20:00,10,126,20.127628
1690920066,01-08-2023 20:01,12,124,31.568338
1690920126,01-08-2023 20:02,11,123,
1690920187,01-08-2023 20:03,12,124,12.445762
1690920247,01-08-2023 20:04,11,124,3.8997307
1690920307,01-08-2023 20:05,0,129,3
1690920367,01-08-2023 20:06,11,124,18.639368
1690920427,01-08-2023 20:07,10,124,3
1690920487,01-08-2023 20:08,11,125,6.7842536
1690920547,01-08-2023 20:09,11,127,
1690920606,01-08-2023 20:10,11,124,14.8682995
1690920666,01-08-2023 20:11,10,127,6.11807
1690920726,01-08-2023 20:12,12,126,3
1690920786,01-08-2023 20:13,11,125,19.852055
1690920846,01-08-2023 20:14,11,126,3
1690920906,01-08-2023 20:15,11,127,3
1690920966,01-08-2023 20:16,0,128,8.813847
1690921026,01-08-2023 20:17,12,127,10.082188
1690921086,01-08-2023 20:18,11,126,7.0994697
1690921146,01-08-2023 20:19,12,126,3
1690921206,01-08-2023 20:20,12,125,4.8434653
1690921266,01-08-2023 20:21,12,125,
1690921326,01-08-2023 20:22,11,127,21.415276
1690921386,01-08-2023 20:23,11,127,4.112791
1690921446,01-08-2023 20:24,12,126,21.69696
1690921506,01-08-2023 20:25,11,125,5.950328
1690921566,01-08-2023 20:26,0,125,45.804543
1690921626,01-08-2023 20:27,12,126,13.747626
1690921686,01-08-2023 20:28,11,127,5.409646
1690921746,01-08-2023 20:29,11,125,3
1690921806,01-08-2023 20:30,12,125,3
1690921866,01-08-2023 20:31,12,130,6.105582
1690921926,01-08-2023 20:32,11,129,7.6984997
1690921986,01-08-2023 20:33,11,126,14.541735
1690922046,01-08-2023 20:34,11,132,3
1690922106,01-08-2023 20:35,11,132,
1690922166,01-08-2023 20:36,0,133,14.446704
1690922226,01-08-2023 20:37,11,134,4.4566207
1690922286,01-08-2023 20:38,10,133,9.174362
1690922346,01-08-2023 20:39,12,133,21.23024
1690922406,01-08-2023 20:40,0,132,20.262672
1690922466,01-08-2023 20:41,11,127,21.939997
1690922526,01-08-2023 20:42,11,133,32.716
1690922586,01-08-2023 20:43,12,136,11.420375
1690922646,01-08-2023 20:44,11,129,3
1690922706,01-08-2023 20:45,12,134,13.634621
1690922766,01-08-2023 20:46,11,134,47.00144
1690922826,01-08-2023 20:47,11,136,55.008766
1690922886,01-08-2023 20:48,11,134,55.050804
1690922947,01-08-2023 20:49,11,134,14.088215
1690923007,01-08-2023 20:50,11,134,43.839714
1690923067,01-08-2023 20:51,10,132,57.63951
1690923127,01-08-2023 20:52,11,131,35.556293
1690923187,01-08-2023 20:53,11,132,33.497456
1690923247,01-08-2023 20:54,11,131,78.375656
1690923307,01-08-2023 20:55,11,131,48.754963
1690923367,01-08-2023 20:56,10,133,70.290375
1690923427,01-08-2023 20:57,9,132,104.55762
1690923487,01-08-2023 20:58,9,134,65.322426
1690923547,01-08-2023 20:59,10,134,85.75054
1690923607,01-08-2023 21:00,10,134,80.30631
1690923667,01-08-2023 21:01,9,134,46.86542
1690923727,01-08-2023 21:02,9,129,66.27385
1690923787,01-08-2023 21:03,9,132,72.00334
1690923847,01-08-2023 21:04,10,134,58.267193
1690923907,01-08-2023 21:05,10,132,57.30314
1690923967,01-08-2023 21:06,10,132,86.12736
1690924027,01-08-2023 21:07,9,131,
1690924087,01-08-2023 21:08,9,131,61.49267
1690924147,01-08-2023 21:09,9,135,48.247097
1690924207,01-08-2023 21:10,9,132,39.153687
1690924267,01-08-2023 21:11,9,129,68.63416
1690924327,01-08-2023 21:12,9,132,57.539803
1690924387,01-08-2023 21:13,9,131,72.29654
1690924447,01-08-2023 21:14,9,131,67.24855
1690924507,01-08-2023 21:15,10,130,29.94227
1690924567,01-08-2023 21:16,9,131,32.36097
1690924627,01-08-2023 21:17,10,133,50.433723
1690924687,01-08-2023 21:18,9,138,40.23972
1690924747,01-08-2023 21:19,10,135,23.145805
1690924807,01-08-2023 21:20,10,135,35.029957
1690924867,01-08-2023 21:21,10,134,23.766197
1690924927,01-08-2023 21:22,9,137,17.88634
1690924987,01-08-2023 21:23,10,137,23.332825
1690925047,01-08-2023 21:24,10,130,23.758076
1690925107,01-08-2023 21:25,10,129,24.905031
1690925167,01-08-2023 21:26,11,126,52.228813
1690925227,01-08-2023 21:27,10,124,24.52769
1690925287,01-08-2023 21:28,10,124,25.737804
1690925347,01-08-2023 21:29,10,123,22.893002
1690925407,01-08-2023 21:30,10,122,23.039938
1690925467,01-08-2023 21:31,10,125,24.030434
1690925527,01-08-2023 21:32,9,123,22.449566
1690925587,01-08-2023 21:33,8,127,24.735367
1690925647,01-08-2023 21:34,8,126,24.176697
1690925707,01-08-2023 21:35,9,129,24.69704
1690925767,01-08-2023 21:36,9,131,22.34486
1690925827,01-08-2023 21:37,9,130,20.022243
1690925887,01-08-2023 21:38,8,130,23.226456
1690925947,01-08-2023 21:39,9,132,26.486122
1690926007,01-08-2023 21:40,9,130,26.395212
1690926067,01-08-2023 21:41,9,128,24.25758
1690926127,01-08-2023 21:42,9,132,24.917358
1690926187,01-08-2023 21:43,9,128,25.238567
1690926247,01-08-2023 21:44,9,128,24.986588
1690926307,01-08-2023 21:45,9,127,26.768578
1690926367,01-08-2023 21:46,9,132,23.376543
1690926427,01-08-2023 21:47,9,129,20.166843
1690926487,01-08-2023 21:48,9,130,18.873053
1690926547,01-08-2023 21:49,9,128,24.59502
1690926607,01-08-2023 21:50,9,128,20.737583
1690926667,01-08-2023 21:51,9,128,30.326004
1690926727,01-08-2023 21:52,9,128,37.833107
1690926787,01-08-2023 21:53,9,124,38.20109
1690926847,01-08-2023 21:54,9,124,38.878975
1690926907,01-08-2023 21:55,9,123,
1690927087,01-08-2023 21:58,10,123,50.21826
1690927147,01-08-2023 21:59,10,125,49.51358
1690927207,01-08-2023 22:00,10,126,87.393005
1690927267,01-08-2023 22:01,10,125,75.57898
1690927327,01-08-2023 22:02,9,127,113.09351
1690927387,01-08-2023 22:03,9,128,29.732615
1690927447,01-08-2023 22:04,9,129,63.344185
1690927507,01-08-2023 22:05,9,131,76.03195
1690927567,01-08-2023 22:06,9,129,45.87643
1690927627,01-08-2023 22:07,9,127,31.98845
1690927687,01-08-2023 22:08,9,129,56.576233
1690927747,01-08-2023 22:09,10,129,51.00903
1690927807,01-08-2023 22:10,9,129,62.743603
1690927867,01-08-2023 22:11,9,130,110.376274
1690927927,01-08-2023 22:12,9,128,71.2677
1690927987,01-08-2023 22:13,9,128,18.685926
1690928047,01-08-2023 22:14,9,127,80.78151
1690928107,01-08-2023 22:15,9,128,5.4139132
1690928167,01-08-2023 22:16,9,127,99.516396
1690928227,01-08-2023 22:17,9,124,42.816708
1690928287,01-08-2023 22:18,9,126,17.784393
1690928347,01-08-2023 22:19,10,127,42.016647
1690928407,01-08-2023 22:20,9,127,41.72071
1690928467,01-08-2023 22:21,9,127,32.817726
1690928527,01-08-2023 22:22,10,127,93.53036
1690928586,01-08-2023 22:23,10,128,64.091896
1690928646,01-08-2023 22:24,9,125,47.41797
1690928706,01-08-2023 22:25,10,125,72.219124
1690928766,01-08-2023 22:26,9,128,25.660717
1690928826,01-08-2023 22:27,0,129,54.436363
1690928886,01-08-2023 22:28,9,127,48.967133
1690928946,01-08-2023 22:29,10,127,51.513603
1690929006,01-08-2023 22:30,9,127,30.807951
1690929066,01-08-2023 22:31,9,130,30.369717
1690929126,01-08-2023 22:32,8,128,52.634037
1690929186,01-08-2023 22:33,9,129,25.45638
1690929246,01-08-2023 22:34,9,130,46.678566
1690929306,01-08-2023 22:35,9,131,5.154952
1690929366,01-08-2023 22:36,9,133,36.369736
1690929426,01-08-2023 22:37,0,138,19.68296
1690929486,01-08-2023 22:38,9,141,53.354134
1690929546,01-08-2023 22:39,9,144,44.13888
1690929606,01-08-2023 22:40,9,150,15.859424
1690929666,01-08-2023 22:41,9,147,16.113638
1690929726,01-08-2023 22:42,9,152,32.057266
1690929786,01-08-2023 22:43,9,150,
1690929846,01-08-2023 22:44,9,146,30.118336
1690929906,01-08-2023 22:45,9,147,82.33635
1690929966,01-08-2023 22:46,9,146,34.286995
1690930026,01-08-2023 22:47,0,146,56.046547
1690930086,01-08-2023 22:48,0,146,
1690930087,01-08-2023 22:48,9,146,
1690930147,01-08-2023 22:49,0,146,58.23247
1690930207,01-08-2023 22:50,10,145,12.503512
1690930267,01-08-2023 22:51,9,148,21.598995
1690930327,01-08-2023 22:52,9,149,
1690930387,01-08-2023 22:53,9,150,44.460415
1690930447,01-08-2023 22:54,9,149,3.9085774
1690930507,01-08-2023 22:55,7,151,10.5526705
1690930567,01-08-2023 22:56,7,148,79.12596
1690930627,01-08-2023 22:57,0,154,97.983864
1690930687,01-08-2023 22:58,7,152,24.069366
1690930746,01-08-2023 22:59,8,151,
1690930747,01-08-2023 22:59,0,154,67.47093
1690930806,01-08-2023 23:00,7,158,41.01628
1690930866,01-08-2023 23:01,7,152,48.411785
1690930926,01-08-2023 23:02,0,151,28.771297
1690930986,01-08-2023 23:03,8,149,27.192598
1690931046,01-08-2023 23:04,8,150,18.707949
1690931106,01-08-2023 23:05,8,150,19.833117
1690931166,01-08-2023 23:06,8,148,86.028496
1690931226,01-08-2023 23:07,9,150,14.062478
1690931286,01-08-2023 23:08,9,154,80.119125
1690931346,01-08-2023 23:09,9,151,
1690931406,01-08-2023 23:10,9,153,26.629288
1690931466,01-08-2023 23:11,9,153,27.288555
1690931526,01-08-2023 23:12,8,151,15.039124
1690931586,01-08-2023 23:13,0,149,18.077469
1690931646,01-08-2023 23:14,8,151,3.4249187
1690931706,01-08-2023 23:15,8,148,4.4725523
1690931766,01-08-2023 23:16,9,149,18.312286
1690931826,01-08-2023 23:17,9,150,12.450136
1690931886,01-08-2023 23:18,8,149,22.159792
1690931946,01-08-2023 23:19,9,151,15.303408
1690932006,01-08-2023 23:20,9,151,37.576077
1690932066,01-08-2023 23:21,9,152,12.045038
1690932126,01-08-2023 23:22,9,154,3
1690932186,01-08-2023 23:23,9,151,3
1690932246,01-08-2023 23:24,9,148,39.199768
1690932306,01-08-2023 23:25,9,149,3
1690932366,01-08-2023 23:26,10,148,15.432377
1690932426,01-08-2023 23:27,10,143,29.707474
1690932486,01-08-2023 23:28,10,149,25.697449
1690932547,01-08-2023 23:29,8,153,3
1690932607,01-08-2023 23:30,10,159,41.35669
1690932667,01-08-2023 23:31,9,159,3
1690932727,01-08-2023 23:32,9,158,28.038929
1690932787,01-08-2023 23:33,10,157,15.159559
1690932846,01-08-2023 23:34,9,155,11.978533
1690932906,01-08-2023 23:35,10,156,69.63205
1690932966,01-08-2023 23:36,10,158,
1690933026,01-08-2023 23:37,10,156,8.458273
1690933086,01-08-2023 23:38,10,154,32.273537
1690933146,01-08-2023 23:39,0,155,17.592175
1690933206,01-08-2023 23:40,11,155,19.845566
1690933266,01-08-2023 23:41,10,159,3.31208
1690933326,01-08-2023 23:42,10,154,12.144575
1690933386,01-08-2023 23:43,10,153,3
1690933446,01-08-2023 23:44,11,154,41.65635
1690933506,01-08-2023 23:45,11,150,3
1690933566,01-08-2023 23:46,12,152,5.2157764
1690933626,01-08-2023 23:47,11,153,3
1690933686,01-08-2023 23:48,11,154,74.98578
1690933746,01-08-2023 23:49,11,154,9.834919
1690933806,01-08-2023 23:50,11,157,79.70807
1690933866,01-08-2023 23:51,12,155,16.86559
1690933926,01-08-2023 23:52,12,150,13.371823
1690933986,01-08-2023 23:53,11,154,12.009106
1690934046,01-08-2023 23:54,12,151,3
1690934106,01-08-2023 23:55,12,152,3
1690934166,01-08-2023 23:56,12,152,18.580904
1690934226,01-08-2023 23:57,11,151,19.008442
1690934286,01-08-2023 23:58,11,154,3
1690934346,01-08-2023 23:59,12,154,3.4200993
