timestamp,date,no2,voc,pm10,pm2.5,no2plume,voc plume,pm10 plume,pm2.5 plume,pm1 ,pm1 plume
1691107207,04-08-2023 00:00,17,119,55.453224,6.626213,16,10,59,13,5,13
1691107267,04-08-2023 00:01,17,117,34.9707,6.2639894,16,9,35,13,5,13
1691107327,04-08-2023 00:02,17,117,30.348907,3.6308897,16,9,30,7,3,7
1691107387,04-08-2023 00:03,17,115,26.97982,7.2347765,16,9,27,14,6,16
1691107447,04-08-2023 00:04,17,117,8.066007,4.0936046,16,9,8,8,3,8
1691107507,04-08-2023 00:05,17,116,23.641088,5.687268,16,9,24,11,5,12
1691107567,04-08-2023 00:06,17,115,16.785528,4.8786626,0,9,17,10,4,10
1691107627,04-08-2023 00:07,16,117,30.353157,6.2355914,15,9,30,12,5,13
1691107687,04-08-2023 00:08,17,118,19.104935,6.7868843,16,9,19,14,6,14
1691107747,04-08-2023 00:09,17,120,40.282352,4.0593843,16,10,40,8,3,8
1691107807,04-08-2023 00:10,17,118,40.345673,2,16,9,3,4,1,3
1691107867,04-08-2023 00:11,17,118,41.219746,7.5880327,16,9,41,15,7,16
1691107927,04-08-2023 00:12,17,116,6.05215,5.05215,16,9,6,10,4,10
1691107987,04-08-2023 00:13,17,117,12.508391,8.661377,16,9,13,17,8,19
1691108047,04-08-2023 00:14,17,115,36.03487,6.9126124,16,9,36,14,6,15
1691108107,04-08-2023 00:15,17,116,56.590252,2.9650187,16,9,61,6,1,3
1691108167,04-08-2023 00:16,17,114,12.376364,6.396417,0,9,12,13,5,13
1691108227,04-08-2023 00:17,17,114,42.070526,8.365104,16,9,42,17,7,18
1691108287,04-08-2023 00:18,17,114,52.279293,10.487479,16,9,54,21,8,21
1691108347,04-08-2023 00:19,17,114,15.97959,3.9382362,16,9,16,8,3,7
1691108407,04-08-2023 00:20,17,116,22.56781,6.319115,16,9,23,13,5,13
1691108467,04-08-2023 00:21,17,115,28.889053,4.0472383,16,9,29,8,3,8
1691108527,04-08-2023 00:22,17,113,30.345678,,16,9,0,0,,
1691108587,04-08-2023 00:23,17,116,41.574333,7.282219,16,9,42,15,6,16
1691108647,04-08-2023 00:24,17,117,59.437424,9.873529,16,9,66,20,6,15
1691108707,04-08-2023 00:25,17,116,60.227726,6.8571844,16,9,67,14,5,12
1691108767,04-08-2023 00:26,17,118,5.855462,4.855462,0,9,6,10,4,10
1691108827,04-08-2023 00:27,17,116,40.939938,5.610145,16,0,41,11,4,11
1691108887,04-08-2023 00:28,17,115,18.88613,2.4414365,16,9,19,5,1,4
1691108947,04-08-2023 00:29,17,117,61.46895,6.075109,16,9,69,12,3,8
1691109007,04-08-2023 00:30,17,117,37.638546,4.6230736,16,9,38,9,3,7
1691109067,04-08-2023 00:31,17,117,56.149796,11.10224,16,9,60,22,6,16
1691109127,04-08-2023 00:32,17,115,18.075975,7.5632243,16,9,18,15,7,16
1691109187,04-08-2023 00:33,17,120,9.470551,8.470551,16,10,9,17,7,19
1691109247,04-08-2023 00:34,17,122,52.44587,13.724712,16,10,54,27,8,21
1691109307,04-08-2023 00:35,17,119,57.46723,8.784546,16,10,62,18,5,12
1691109367,04-08-2023 00:36,17,121,27.440851,7.181005,0,10,27,14,6,15
1691109427,04-08-2023 00:37,17,119,12.772493,11.772493,16,10,13,24,11,27
1691109487,04-08-2023 00:38,17,121,11.066219,10.066219,16,10,11,20,7,18
1691109547,04-08-2023 00:39,17,118,9.849899,8.849899,16,9,10,18,8,20
1691109607,04-08-2023 00:40,17,122,9.0801735,5.2840548,16,10,9,11,4,10
1691109667,04-08-2023 00:41,17,122,11.280397,10.280397,0,10,11,21,7,18
1691109727,04-08-2023 00:42,17,122,12.005333,11.005333,16,10,12,22,7,19
1691109787,04-08-2023 00:43,17,122,15.706008,14.706008,16,10,16,29,10,26
1691109847,04-08-2023 00:44,17,119,13.454608,12.454608,16,10,13,25,9,22
1691109907,04-08-2023 00:45,17,118,13.220465,12.220465,16,9,13,24,10,24
1691109967,04-08-2023 00:46,17,118,15.799502,14.799502,16,9,16,30,10,25
1691110027,04-08-2023 00:47,17,118,13.851857,12.851857,16,9,14,26,10,25
1691110087,04-08-2023 00:48,17,116,19.224823,18.224823,16,9,19,36,12,30
1691110147,04-08-2023 00:49,17,117,20.102425,19.102425,16,9,20,38,11,28
1691110207,04-08-2023 00:50,17,115,18.231215,17.231215,16,9,18,34,8,19
1691110267,04-08-2023 00:51,17,118,15.310004,14.310004,16,9,15,29,12,29
1691110327,04-08-2023 00:52,17,116,11.238792,10.238792,16,9,11,20,9,23
1691110387,04-08-2023 00:53,17,117,19.42603,18.42603,16,9,19,37,13,33
1691110447,04-08-2023 00:54,17,117,17.778633,16.778633,16,9,18,34,13,33
1691110507,04-08-2023 00:55,17,120,21.827251,20.827251,16,10,22,42,12,29
1691110567,04-08-2023 00:56,17,117,18.989235,17.989235,16,9,19,36,14,35
1691110627,04-08-2023 00:57,17,123,23.821129,22.821129,16,10,24,46,15,38
1691110687,04-08-2023 00:58,17,123,18.725174,17.725174,16,10,19,35,11,28
1691110747,04-08-2023 00:59,17,119,17.896526,16.896526,16,10,18,34,11,28
1691110807,04-08-2023 01:00,17,122,21.225933,20.225933,16,10,21,40,13,33
1691110867,04-08-2023 01:01,16,121,18.143093,17.143093,15,10,18,34,13,32
1691110927,04-08-2023 01:02,17,126,15.596869,14.596869,16,10,16,29,13,31
1691110987,04-08-2023 01:03,17,125,12.889919,11.889919,16,10,13,24,11,27
1691111047,04-08-2023 01:04,17,122,23.64655,22.64655,16,10,24,45,12,30
1691111107,04-08-2023 01:05,17,123,23.730246,22.730246,16,10,24,45,15,37
1691111167,04-08-2023 01:06,17,121,19.306,18.306,16,10,19,37,12,31
1691111227,04-08-2023 01:07,16,127,17.842293,16.842293,15,10,18,34,11,28
1691111287,04-08-2023 01:08,16,127,21.09103,20.09103,15,10,21,40,12,31
1691111347,04-08-2023 01:09,16,125,22.07383,21.07383,15,10,22,42,13,31
1691111407,04-08-2023 01:10,16,122,16.659794,15.659794,15,10,17,31,10,25
1691111467,04-08-2023 01:11,16,126,23.794636,22.794636,15,10,24,46,13,33
1691111527,04-08-2023 01:12,16,129,16.605543,15.605543,15,10,17,31,11,28
1691111587,04-08-2023 01:13,16,125,14.327017,13.327017,15,10,14,27,6,16
1691111647,04-08-2023 01:14,16,124,20.055046,19.055046,15,10,20,38,9,23
1691111707,04-08-2023 01:15,16,130,19.038353,18.038353,15,10,19,36,11,28
1691111767,04-08-2023 01:16,16,126,16.564598,15.564597,15,10,17,31,12,29
1691111827,04-08-2023 01:17,16,125,14.90564,13.90564,15,10,15,28,12,30
1691111887,04-08-2023 01:18,16,123,12.929048,11.929048,15,10,13,24,10,26
1691111947,04-08-2023 01:19,16,122,21.031576,20.031576,15,10,21,40,14,35
1691112007,04-08-2023 01:20,15,124,13.159999,12.159999,14,10,13,24,10,24
1691112067,04-08-2023 01:21,16,125,17.282787,16.282787,15,10,17,33,10,26
1691112127,04-08-2023 01:22,16,126,17.981731,16.981731,15,10,18,34,10,25
1691112187,04-08-2023 01:23,16,126,20.009186,19.009186,15,10,20,38,11,29
1691112247,04-08-2023 01:24,17,125,17.267675,16.267675,16,10,17,33,10,25
1691112307,04-08-2023 01:25,16,125,16.973166,14.534138,15,10,17,29,10,26
1691112367,04-08-2023 01:26,16,126,21.99897,20.99897,15,10,22,42,12,30
1691112427,04-08-2023 01:27,16,128,12.517412,11.517412,15,10,13,23,11,26
1691112487,04-08-2023 01:28,17,126,14.0506935,13.0506935,16,10,14,26,11,28
1691112547,04-08-2023 01:29,16,125,29.639732,13.784944,15,10,30,28,9,21
1691112607,04-08-2023 01:30,16,124,15.909433,14.909433,15,10,16,30,9,23
1691112667,04-08-2023 01:31,16,122,14.661407,13.661407,15,10,15,27,10,24
1691112727,04-08-2023 01:32,17,125,15.214305,14.214305,16,10,15,28,10,24
1691112787,04-08-2023 01:33,16,123,11.876942,10.876942,15,10,12,22,6,16
1691112847,04-08-2023 01:34,16,127,22.862663,9.168942,15,10,23,18,7,18
1691112907,04-08-2023 01:35,16,126,13.532661,12.532661,15,10,14,25,8,20
1691112967,04-08-2023 01:36,16,130,15.348005,14.348005,15,10,15,29,10,25
1691113027,04-08-2023 01:37,16,129,10.410216,9.410216,15,10,10,19,8,21
1691113087,04-08-2023 01:38,17,126,9.161762,8.161762,16,10,9,16,7,18
1691113147,04-08-2023 01:39,16,122,12.3765135,10.623729,15,10,12,21,9,22
1691113207,04-08-2023 01:40,17,120,11.076718,10.076718,16,10,11,20,9,23
1691113267,04-08-2023 01:41,16,120,18.299751,17.299751,15,10,18,35,12,31
1691113327,04-08-2023 01:42,16,123,12.634924,11.634924,15,10,13,23,10,25
1691113387,04-08-2023 01:43,17,119,14.223739,11.142558,16,10,14,22,9,23
1691113447,04-08-2023 01:44,17,120,22.937702,15.800671,16,10,23,32,13,32
1691113507,04-08-2023 01:45,17,122,21.952713,14.895662,16,10,22,30,7,18
1691113567,04-08-2023 01:46,16,121,16.04242,14.876076,15,10,16,30,11,28
1691113627,04-08-2023 01:47,17,119,16.41793,15.417931,16,10,16,31,10,25
1691113687,04-08-2023 01:48,17,121,22.807274,14.052501,16,10,23,28,8,19
1691113747,04-08-2023 01:49,16,122,13.123546,10.299492,15,10,13,21,9,23
1691113807,04-08-2023 01:50,16,121,13.133,12.133,15,10,13,24,9,22
1691113867,04-08-2023 01:51,17,122,26.13033,9.183721,16,10,26,18,7,17
1691113927,04-08-2023 01:52,17,120,17.813696,10.762819,16,10,18,22,8,20
1691113987,04-08-2023 01:53,17,118,30.365854,10.402752,16,9,30,21,9,24
1691114047,04-08-2023 01:54,17,119,15.793114,10.252021,16,10,16,21,9,22
1691114107,04-08-2023 01:55,17,121,13.134901,12.134901,16,10,13,24,9,22
1691114167,04-08-2023 01:56,17,116,14.373544,13.373544,16,9,14,27,9,24
1691114227,04-08-2023 01:57,17,116,18.676527,12.713914,16,9,19,25,8,19
1691114287,04-08-2023 01:58,17,116,14.399283,13.268182,16,9,14,27,9,24
1691114347,04-08-2023 01:59,17,118,24.076933,11.3213005,16,9,24,23,6,16
1691114407,04-08-2023 02:00,17,120,14.818157,13.818157,16,10,15,28,10,24
1691114467,04-08-2023 02:01,17,117,16.774725,15.774725,16,9,17,32,9,23
1691114527,04-08-2023 02:02,17,117,19.456963,15.530974,16,9,19,31,8,19
1691114587,04-08-2023 02:03,17,116,21.719753,20.719753,16,9,22,41,11,27
1691114647,04-08-2023 02:04,17,118,16.988728,15.988728,16,9,17,32,12,30
1691114707,04-08-2023 02:05,15,124,14.382101,13.382101,14,10,14,27,8,21
1691114767,04-08-2023 02:06,12,122,15.98666,14.98666,11,10,16,30,9,23
1691114827,04-08-2023 02:07,11,125,12.374714,11.374714,11,10,12,23,6,14
1691114887,04-08-2023 02:08,10,126,18.82827,17.82827,10,10,19,36,9,22
1691114947,04-08-2023 02:09,10,127,21.388634,20.388634,9,10,21,41,11,28
1691115007,04-08-2023 02:10,10,123,13.273077,12.273077,10,10,13,25,8,19
1691115067,04-08-2023 02:11,11,124,16.13483,15.134831,11,10,16,30,10,25
1691115127,04-08-2023 02:12,10,127,23.0583,22.0583,10,10,23,44,13,33
1691115187,04-08-2023 02:13,10,129,26.862007,25.862007,10,10,27,52,16,41
1691115247,04-08-2023 02:14,12,132,21.190186,20.190186,11,11,21,40,14,35
1691115307,04-08-2023 02:15,11,135,19.514027,18.514027,11,11,20,37,11,27
1691115367,04-08-2023 02:16,12,130,17.59148,16.59148,11,10,18,33,12,30
1691115427,04-08-2023 02:17,13,134,19.603848,18.603848,12,11,20,37,14,35
1691115487,04-08-2023 02:18,12,134,18.2528,17.2528,11,11,18,35,11,27
1691115547,04-08-2023 02:19,12,133,18.939957,17.939957,11,11,19,36,10,25
1691115607,04-08-2023 02:20,12,136,16.197292,15.197293,11,11,16,30,9,24
1691115667,04-08-2023 02:21,13,137,15.032187,14.032187,12,11,15,28,11,29
1691115727,04-08-2023 02:22,13,136,16.796871,15.796871,12,11,17,32,14,34
1691115787,04-08-2023 02:23,14,134,10.810715,9.810715,13,11,11,20,7,18
1691115847,04-08-2023 02:24,13,136,23.490122,22.490122,12,11,23,45,13,33
1691115907,04-08-2023 02:25,14,138,24.177273,23.177273,13,11,24,46,14,35
1691115967,04-08-2023 02:26,14,139,18.799938,17.799938,0,11,19,36,12,30
1691116027,04-08-2023 02:27,14,139,14.809492,13.809492,13,11,15,28,13,32
1691116087,04-08-2023 02:28,14,135,25.163445,24.163445,13,11,25,48,16,39
1691116147,04-08-2023 02:29,14,139,14.315133,13.315133,13,11,14,27,11,26
1691116207,04-08-2023 02:30,14,138,26.059498,25.059498,13,11,26,50,17,42
1691116267,04-08-2023 02:31,14,133,21.169563,20.169563,13,11,21,40,12,29
1691116327,04-08-2023 02:32,15,139,19.933899,18.933899,14,11,20,38,14,34
1691116387,04-08-2023 02:33,14,135,15.236264,14.236264,13,11,15,28,12,30
1691116447,04-08-2023 02:34,15,135,25.49077,24.49077,14,11,25,49,13,32
1691116507,04-08-2023 02:35,15,134,21.20969,20.20969,14,11,21,40,12,30
1691116567,04-08-2023 02:36,15,134,20.830761,19.830761,0,11,21,40,11,28
1691116627,04-08-2023 02:37,14,138,18.067282,15.5019655,13,11,18,31,8,20
1691116687,04-08-2023 02:38,14,134,22.2034,21.2034,13,11,22,42,15,37
1691116747,04-08-2023 02:39,15,133,17.813332,16.813332,14,11,18,34,12,31
1691116807,04-08-2023 02:40,15,132,13.916826,12.916826,14,11,14,26,11,28
1691116867,04-08-2023 02:41,14,132,16.25712,15.25712,13,11,16,31,11,28
1691116927,04-08-2023 02:42,15,135,18.063305,17.063305,14,11,18,34,11,29
1691116987,04-08-2023 02:43,15,134,19.083054,18.083054,14,11,19,36,10,25
1691117047,04-08-2023 02:44,15,132,18.34567,,14,11,0,0,,
1691117107,04-08-2023 02:45,15,134,17.030891,16.030891,14,11,17,32,11,26
1691117167,04-08-2023 02:46,15,132,15.705455,14.705455,0,11,16,29,14,34
1691117227,04-08-2023 02:47,16,134,18.801891,17.801891,15,11,19,36,14,36
1691117287,04-08-2023 02:48,16,133,20.407959,19.407959,15,0,20,39,9,21
1691117347,04-08-2023 02:49,16,133,15.632786,14.632786,15,11,16,29,10,26
1691117407,04-08-2023 02:50,16,130,20.268728,19.268728,15,10,20,39,15,37
1691117467,04-08-2023 02:51,16,131,14.38819,13.38819,16,10,14,27,9,22
1691117527,04-08-2023 02:52,16,129,12.370005,11.370005,16,10,12,23,10,26
1691117587,04-08-2023 02:53,16,132,17.781898,16.781898,16,11,18,34,11,27
1691117647,04-08-2023 02:54,16,133,12.814153,11.814153,15,11,13,24,10,25
1691117707,04-08-2023 02:55,16,136,14.947062,13.947062,15,11,15,28,11,27
1691117767,04-08-2023 02:56,16,131,11.171166,10.171166,0,10,11,20,9,23
1691117827,04-08-2023 02:57,16,132,11.712169,10.712169,16,11,12,21,10,24
1691117887,04-08-2023 02:58,16,132,14.930583,13.930583,16,11,15,28,11,28
1691117947,04-08-2023 02:59,16,134,15.927763,14.927763,16,11,16,30,10,26
1691118007,04-08-2023 03:00,16,127,15.932168,14.932168,16,10,16,30,10,26
1691118067,04-08-2023 03:01,16,130,14.606245,13.606245,15,10,15,27,9,22
1691118127,04-08-2023 03:02,16,132,17.413208,16.413208,16,11,17,33,11,29
1691118187,04-08-2023 03:03,16,132,11.302175,10.302175,0,11,11,21,9,23
1691118247,04-08-2023 03:04,16,131,15.323519,14.323519,16,10,15,29,13,33
1691118307,04-08-2023 03:05,16,129,16.45539,15.45539,16,10,16,31,11,27
1691118367,04-08-2023 03:06,16,129,16.921993,15.921994,16,10,17,32,10,26
1691118427,04-08-2023 03:07,17,129,13.624061,12.624061,16,10,14,25,10,26
1691118487,04-08-2023 03:08,16,125,10.669092,9.669092,16,10,11,19,7,19
1691118547,04-08-2023 03:09,17,127,15.141644,14.141644,16,10,15,28,10,24
1691118607,04-08-2023 03:10,17,127,15.759081,14.759081,16,10,16,30,6,16
1691118667,04-08-2023 03:11,17,129,14.111752,13.111752,16,10,14,26,11,27
1691118727,04-08-2023 03:12,17,128,14.835226,13.835226,16,10,15,28,8,21
1691118787,04-08-2023 03:13,17,127,21.196377,20.196377,16,10,21,40,12,30
1691118847,04-08-2023 03:14,17,127,9.022608,8.022608,16,10,9,16,6,15
1691118907,04-08-2023 03:15,17,129,20.293896,19.293896,16,10,20,39,11,29
1691118967,04-08-2023 03:16,17,128,20.774982,19.774982,16,10,21,40,12,31
1691119027,04-08-2023 03:17,17,130,14.325149,13.325149,16,10,14,27,11,26
1691119087,04-08-2023 03:18,17,131,17.19988,16.19988,16,10,17,32,11,27
1691119147,04-08-2023 03:19,18,129,14.59845,13.59845,17,10,15,27,13,31
1691119207,04-08-2023 03:20,17,127,18.480354,17.480354,16,10,18,35,10,26
1691119267,04-08-2023 03:21,17,128,16.557337,15.557337,16,10,17,31,11,27
1691119327,04-08-2023 03:22,17,129,22.309738,21.309738,16,10,22,43,11,27
1691119387,04-08-2023 03:23,16,130,16.550365,15.5503645,16,10,17,31,13,33
1691119447,04-08-2023 03:24,17,130,16.38586,15.3858595,16,10,16,31,10,26
1691119507,04-08-2023 03:25,17,130,25.199043,10.615013,16,10,25,21,7,18
1691119567,04-08-2023 03:26,17,131,17.08525,12.045873,16,10,17,24,7,18
1691119627,04-08-2023 03:27,16,127,14.748561,13.748561,16,10,15,27,10,26
1691119687,04-08-2023 03:28,17,128,17.796597,16.796597,16,10,18,34,12,29
1691119747,04-08-2023 03:29,17,128,18.681576,10.678517,16,10,19,21,10,24
1691119807,04-08-2023 03:30,18,127,11.132822,10.132822,17,10,11,20,9,23
1691119867,04-08-2023 03:31,17,128,6.958506,5.958506,16,10,7,12,5,12
1691119927,04-08-2023 03:32,17,128,14.986355,13.986355,16,10,15,28,11,28
1691119987,04-08-2023 03:33,17,131,21.340233,18.828299,16,10,21,38,12,29
1691120047,04-08-2023 03:34,17,131,30.665678,17.473766,16,10,31,35,8,20
1691120107,04-08-2023 03:35,17,133,12.9584465,11.9584465,16,11,13,24,9,24
1691120167,04-08-2023 03:36,17,133,26.619942,15.554676,16,11,27,31,8,20
1691120227,04-08-2023 03:37,17,131,28.581043,9.923204,16,10,29,20,7,19
1691120287,04-08-2023 03:38,18,129,22.957516,16.907917,17,10,23,34,10,24
1691120347,04-08-2023 03:39,18,127,9.399589,8.399589,17,10,9,17,7,18
1691120407,04-08-2023 03:40,18,128,12.323128,11.323128,17,10,12,23,10,24
1691120467,04-08-2023 03:41,17,127,15.576492,14.576492,16,10,16,29,10,26
1691120527,04-08-2023 03:42,18,131,35.12014,17.961193,17,10,35,36,10,26
1691120587,04-08-2023 03:43,17,137,23.960052,9.498633,16,11,24,19,8,21
1691120647,04-08-2023 03:44,17,131,18.930965,11.768448,16,10,19,24,8,19
1691120707,04-08-2023 03:45,17,130,15.654227,14.654227,16,10,16,29,11,29
1691120767,04-08-2023 03:46,17,130,19.958138,18.958138,16,10,20,38,11,28
1691120827,04-08-2023 03:47,17,131,19.84552,8.493071,16,10,20,17,5,13
1691120887,04-08-2023 03:48,18,131,34.586746,18.351458,17,10,35,37,11,27
1691120947,04-08-2023 03:49,18,129,19.815273,15.340621,17,10,20,31,8,20
1691121007,04-08-2023 03:50,18,127,16.361902,15.361902,17,10,16,31,12,30
1691121067,04-08-2023 03:51,18,130,26.679455,18.578007,17,10,27,37,9,23
1691121127,04-08-2023 03:52,17,127,11.543974,10.543974,16,10,12,21,8,20
1691121187,04-08-2023 03:53,18,127,10.906774,9.906774,17,10,11,20,9,22
1691121247,04-08-2023 03:54,19,123,19.451643,17.504492,18,10,19,35,10,24
1691121307,04-08-2023 03:55,17,126,15.462856,14.462856,16,10,15,29,9,23
1691121367,04-08-2023 03:56,19,129,23.060009,14.95885,18,10,23,30,10,25
1691121427,04-08-2023 03:57,19,129,18.477188,11.864543,18,10,18,24,9,23
1691121487,04-08-2023 03:58,18,125,15.824198,14.824198,17,10,16,30,10,25
1691121547,04-08-2023 03:59,18,127,41.471436,20.804585,17,10,41,42,11,28
1691121607,04-08-2023 04:00,19,125,47.75357,12.795079,18,10,48,26,9,21
1691121667,04-08-2023 04:01,19,131,63.53872,14.304396,18,10,73,29,8,21
1691121727,04-08-2023 04:02,18,128,41.403748,13.209047,17,10,41,26,9,21
1691121787,04-08-2023 04:03,18,128,43.657864,16.645113,17,10,44,33,9,22
1691121847,04-08-2023 04:04,18,130,13.366661,12.366661,17,10,13,25,10,26
1691121907,04-08-2023 04:05,18,129,24.219982,9.150376,17,10,24,18,8,20
1691121967,04-08-2023 04:06,18,129,65.33398,20.151327,17,10,76,40,11,27
1691122027,04-08-2023 04:07,17,128,66.188866,12.536042,16,10,77,25,8,21
1691122087,04-08-2023 04:08,18,129,52.254753,11.065663,17,10,54,22,7,18
1691122147,04-08-2023 04:09,17,127,49.574,14.227543,16,10,50,28,10,25
1691122207,04-08-2023 04:10,18,126,57.82113,17.361822,17,10,63,35,8,20
1691122267,04-08-2023 04:11,19,129,35.84369,13.663878,18,10,36,27,9,23
1691122327,04-08-2023 04:12,18,130,22.807259,7.290459,17,10,23,15,6,16
1691122387,04-08-2023 04:13,19,130,36.403435,13.989355,18,10,36,28,8,20
1691122447,04-08-2023 04:14,18,129,14.826143,11.61663,17,10,15,23,10,26
1691122507,04-08-2023 04:15,18,129,42.46251,13.627073,17,10,42,27,6,15
1691122567,04-08-2023 04:16,19,131,34.840546,13.943628,18,10,35,28,8,20
1691122627,04-08-2023 04:17,18,131,10.531386,8.578665,17,10,11,17,8,19
1691122687,04-08-2023 04:18,18,131,35.795086,14.199098,17,10,36,28,9,22
1691122747,04-08-2023 04:19,19,130,28.02467,12.134544,18,10,28,24,9,22
1691122807,04-08-2023 04:20,18,131,45.850563,8.311761,17,10,46,17,4,9
1691122867,04-08-2023 04:21,19,133,39.692814,13.124948,18,11,40,26,7,18
1691122927,04-08-2023 04:22,19,135,49.970245,9.606184,18,11,50,19,6,14
1691122987,04-08-2023 04:23,18,132,11.328759,10.328759,17,11,11,21,9,23
1691123047,04-08-2023 04:24,19,133,43.140865,16.740078,18,11,43,33,9,22
1691123107,04-08-2023 04:25,19,130,37.69709,10.452129,18,10,38,21,6,16
1691123167,04-08-2023 04:26,18,126,30.73791,8.637468,17,10,31,17,6,15
1691123227,04-08-2023 04:27,19,127,18.682087,8.230546,18,10,19,16,7,18
1691123287,04-08-2023 04:28,19,130,32.576496,13.62002,18,10,33,27,8,21
1691123347,04-08-2023 04:29,19,129,51.0719,15.910025,18,10,52,32,8,21
1691123407,04-08-2023 04:30,19,131,42.285873,15.060397,18,10,42,30,10,25
1691123467,04-08-2023 04:31,18,128,40.20292,12.751862,17,10,40,26,8,21
1691123527,04-08-2023 04:32,19,129,40.484146,15.503649,18,10,40,31,10,26
1691123587,04-08-2023 04:33,19,129,41.889984,7.792081,18,10,42,16,7,16
1691123647,04-08-2023 04:34,19,127,57.60177,5.5617924,18,10,63,11,4,9
1691123707,04-08-2023 04:35,19,126,31.373985,9.407221,18,10,31,19,7,18
1691123767,04-08-2023 04:36,18,129,17.579407,4.5845623,17,10,18,9,4,9
1691123827,04-08-2023 04:37,19,131,34.461376,10.276122,18,10,34,21,7,18
1691123887,04-08-2023 04:38,19,127,49.29025,7.513795,18,10,49,15,2,5
1691123947,04-08-2023 04:39,19,128,33.345055,10.773825,18,10,33,22,6,16
1691124007,04-08-2023 04:40,19,131,57.37947,10.614935,18,10,62,21,4,9
1691124067,04-08-2023 04:41,19,129,43.590416,7.3813744,18,10,44,15,6,15
1691124127,04-08-2023 04:42,19,127,26.62554,10.051508,18,10,27,20,6,15
1691124187,04-08-2023 04:43,19,126,75.27201,13.995853,18,10,92,28,8,20
1691124247,04-08-2023 04:44,19,128,44.73653,7.5919013,18,10,45,15,6,14
1691124307,04-08-2023 04:45,20,126,45.09768,9.343622,19,10,45,19,4,9
1691124367,04-08-2023 04:46,10,125,68.98213,16.129055,0,10,82,32,8,20
1691124427,04-08-2023 04:47,19,124,37.619717,11.165915,18,10,38,22,7,19
1691124487,04-08-2023 04:48,19,125,23.837238,4.854722,18,10,24,10,4,10
1691124547,04-08-2023 04:49,19,123,43.19456,4.3901215,18,10,43,9,1,4
1691124607,04-08-2023 04:50,20,123,31.481098,7.729958,19,10,31,15,7,17
1691124667,04-08-2023 04:51,19,124,31.695538,10.246041,18,10,32,20,9,23
1691124727,04-08-2023 04:52,20,123,30.470154,5.3905287,19,10,30,11,4,11
1691124787,04-08-2023 04:53,19,125,22.26579,9.040589,18,10,22,18,7,17
1691124847,04-08-2023 04:54,19,125,22.762356,10.986298,18,10,23,22,6,16
1691124907,04-08-2023 04:55,19,127,29.93755,13.074927,18,10,30,26,8,20
1691124967,04-08-2023 04:56,19,129,12.862627,10.918119,0,10,13,22,8,21
1691125027,04-08-2023 04:57,19,130,21.68652,9.748197,18,10,22,19,9,22
1691125087,04-08-2023 04:58,20,126,12.892475,9.924522,19,10,13,20,8,19
1691125147,04-08-2023 04:59,19,124,49.996513,16.545416,18,10,50,33,8,21
1691125207,04-08-2023 05:00,19,128,11.615021,8.675574,18,10,12,17,8,19
1691125267,04-08-2023 05:01,19,125,32.879166,14.808622,18,10,33,30,9,23
1691125327,04-08-2023 05:02,20,127,11.749028,10.749028,19,10,12,21,9,23
1691125387,04-08-2023 05:03,19,124,12.4518175,10.748618,18,10,12,21,9,22
1691125447,04-08-2023 05:04,20,131,9.929236,8.929236,19,10,10,18,8,20
1691125507,04-08-2023 05:05,21,127,18.32668,17.32668,20,10,18,35,9,22
1691125567,04-08-2023 05:06,20,128,22.34567,,0,10,0,0,,
1691125627,04-08-2023 05:07,19,127,24.379965,23.310766,18,10,24,47,12,30
1691125687,04-08-2023 05:08,20,126,21.135841,20.135841,19,10,21,40,11,27
1691125747,04-08-2023 05:09,20,125,24.357655,23.357655,19,10,24,47,14,35
1691125807,04-08-2023 05:10,20,125,25.73815,24.73815,19,0,26,49,13,33
1691125867,04-08-2023 05:11,20,126,19.673822,18.673822,19,10,20,37,10,24
1691125927,04-08-2023 05:12,21,123,29.29472,10.312959,20,10,29,21,9,22
1691125987,04-08-2023 05:13,21,118,14.725664,10.850326,20,9,15,22,9,23
1691126047,04-08-2023 05:14,21,117,39.201374,10.843296,20,9,39,22,8,20
1691126107,04-08-2023 05:15,21,114,68.10897,14.359478,20,9,80,29,8,19
1691126167,04-08-2023 05:16,21,115,24.082918,8.155739,0,9,24,16,7,18
1691126227,04-08-2023 05:17,21,113,10.149955,9.149955,20,9,10,18,8,20
1691126287,04-08-2023 05:18,21,116,11.15844,6.210045,20,9,11,12,5,13
1691126347,04-08-2023 05:19,21,114,68.3418,9.96332,20,9,81,20,7,16
1691126407,04-08-2023 05:20,20,115,59.124424,12.245861,19,9,65,24,6,14
1691126467,04-08-2023 05:21,20,112,58.422993,8.998341,19,9,64,18,5,12
1691126527,04-08-2023 05:22,21,113,31.007675,7.695239,20,9,31,15,3,7
1691126587,04-08-2023 05:23,21,111,49.923607,6.4817805,20,9,50,13,3,8
1691126647,04-08-2023 05:24,20,114,41.837936,13.026955,0,9,42,26,8,19
1691126707,04-08-2023 05:25,20,115,56.563755,10.130586,19,9,61,20,7,16
1691126767,04-08-2023 05:26,20,116,17.931637,8.404345,19,9,18,17,7,19
1691126827,04-08-2023 05:27,20,118,14.584219,12.224901,19,9,15,24,8,20
1691126887,04-08-2023 05:28,20,115,20.39898,8.200602,19,9,20,16,7,18
1691126947,04-08-2023 05:29,21,118,15.034292,7.8925085,20,9,15,16,7,17
1691127007,04-08-2023 05:30,20,121,11.59064,10.59064,19,10,12,21,10,24
1691127067,04-08-2023 05:31,21,119,25.644447,7.154452,20,10,26,14,5,13
1691127127,04-08-2023 05:32,20,121,13.414322,12.414322,19,10,13,25,10,25
1691127187,04-08-2023 05:33,20,122,11.194485,10.194485,19,10,11,20,8,20
1691127247,04-08-2023 05:34,20,119,39.592445,9.638965,19,10,40,19,3,8
1691127307,04-08-2023 05:35,20,119,23.90095,9.278713,19,10,24,19,4,10
1691127367,04-08-2023 05:36,20,126,14.079815,7.4317327,19,10,14,15,6,16
1691127427,04-08-2023 05:37,20,124,19.350769,9.482071,19,10,19,19,7,18
1691127487,04-08-2023 05:38,20,123,48.48101,12.121826,19,10,48,24,7,17
1691143327,04-08-2023 10:02,20,365,22.342703,21.342703,0,28,22,43,13,32
1691143387,04-08-2023 10:03,21,312,19.649216,18.649216,0,25,20,37,14,35
1691143447,04-08-2023 10:04,20,284,10.841876,9.841876,0,22,11,20,5,13
1691143507,04-08-2023 10:05,20,267,24.230024,23.230024,0,21,24,46,13,32
1691143567,04-08-2023 10:06,2,256,17.973614,16.973614,0,20,18,34,9,23
1691143627,04-08-2023 10:07,1,245,10.625004,9.625004,1,20,11,19,5,12
1691143687,04-08-2023 10:08,2,239,21.946583,20.946583,0,19,22,42,13,31
1691143747,04-08-2023 10:09,1,231,13.3445015,12.3445015,1,18,13,25,5,14
1691143807,04-08-2023 10:10,2,222,19.318213,18.318213,2,18,19,37,11,28
1691143867,04-08-2023 10:11,3,217,13.842972,12.842972,3,17,14,26,11,28
1691143927,04-08-2023 10:12,4,217,16.691593,15.691594,4,17,17,31,11,27
1691143987,04-08-2023 10:13,3,216,18.047695,17.047695,3,17,18,34,8,20
1691144047,04-08-2023 10:14,3,212,19.859911,18.859911,3,17,20,38,11,27
1691144107,04-08-2023 10:15,5,203,9.026446,8.026446,5,16,9,16,7,17
1691144167,04-08-2023 10:16,5,204,20.747341,19.747341,5,16,21,39,9,24
1691144227,04-08-2023 10:17,5,209,16.51699,15.516991,5,17,17,31,11,28
1691144287,04-08-2023 10:18,5,203,17.683783,16.683783,5,16,18,33,8,19
1691144347,04-08-2023 10:19,5,199,7.9108768,6.9108768,5,16,8,14,6,14
1691144407,04-08-2023 10:20,6,199,14.577871,13.577871,6,16,15,27,8,21
1691144467,04-08-2023 10:21,6,201,12.119682,11.119682,5,16,12,22,8,19
1691144527,04-08-2023 10:22,7,199,15.786151,14.786151,6,16,16,30,6,15
1691144587,04-08-2023 10:23,7,192,10.965705,6.654943,6,15,11,13,4,11
1691144647,04-08-2023 10:24,7,196,9.90098,8.90098,6,16,10,18,8,20
1691144707,04-08-2023 10:25,7,197,11.971639,10.971639,6,16,12,22,8,21
1691144767,04-08-2023 10:26,7,194,20.262568,19.262568,6,16,20,39,13,33
1691144827,04-08-2023 10:27,6,194,13.261593,12.261593,6,16,13,25,8,21
1691144887,04-08-2023 10:28,7,191,6.806428,4.7911034,6,15,7,10,4,9
1691144947,04-08-2023 10:29,6,194,15.018196,14.018196,6,16,15,28,8,20
1691145007,04-08-2023 10:30,6,194,15.03632,14.03632,6,16,15,28,8,21
1691145067,04-08-2023 10:31,7,192,13.750207,12.750207,7,15,14,26,11,28
1691145127,04-08-2023 10:32,7,191,13.329486,9.373934,6,15,13,19,7,18
1691145187,04-08-2023 10:33,8,191,11.173412,10.173412,7,15,11,20,7,19
1691145247,04-08-2023 10:34,9,192,8.502969,7.502969,8,15,9,15,7,16
1691145307,04-08-2023 10:35,8,187,8.829651,7.829651,7,15,9,16,7,16
1691145367,04-08-2023 10:36,8,188,11.901365,10.901365,7,15,12,22,10,25
1691145427,04-08-2023 10:37,8,187,12.331203,11.331203,7,15,12,23,10,26
1691145487,04-08-2023 10:38,8,186,13.820755,12.820755,7,15,14,26,10,26
1691145547,04-08-2023 10:39,9,186,7.321476,6.321476,8,15,7,13,5,13
1691145607,04-08-2023 10:40,8,188,12.942298,11.942298,7,15,13,24,11,27
1691145667,04-08-2023 10:41,8,185,17.590881,10.233721,7,15,18,20,7,17
1691145727,04-08-2023 10:42,8,184,23.874258,6.252037,7,15,24,13,4,11
1691145787,04-08-2023 10:43,8,187,14.889236,6.5348334,7,15,15,13,6,14
1691145847,04-08-2023 10:44,9,184,6.5426555,5.5426555,8,15,7,11,5,11
1691145907,04-08-2023 10:45,9,187,16.128807,5.029332,8,15,16,10,4,10
1691145967,04-08-2023 10:46,8,182,14.844587,5.638849,7,15,15,11,5,12
1691146027,04-08-2023 10:47,9,182,23.217129,8.926619,8,15,23,18,7,17
1691146087,04-08-2023 10:48,9,182,30.444311,7.3565407,8,15,30,15,6,14
1691146147,04-08-2023 10:49,9,178,15.0233965,7.864398,8,14,15,16,7,17
1691146207,04-08-2023 10:50,9,179,21.123756,5.1122026,8,14,21,10,4,10
1691146267,04-08-2023 10:51,9,178,29.34797,11.004271,8,14,29,22,10,25
1691146327,04-08-2023 10:52,8,177,18.8561,11.186077,7,14,19,22,7,17
1691146387,04-08-2023 10:53,10,178,21.676214,5.164873,9,14,22,10,4,9
1691146447,04-08-2023 10:54,10,180,32.021046,8.919121,9,14,32,18,4,11
1691146507,04-08-2023 10:55,10,177,22.605257,9.910112,9,14,23,20,6,14
1691146567,04-08-2023 10:56,10,175,5.9369154,4.9369154,9,14,6,10,4,10
1691146627,04-08-2023 10:57,10,178,10.480778,9.480778,9,14,10,19,8,21
1691146687,04-08-2023 10:58,10,176,8.362455,7.3624554,9,14,8,15,6,16
1691146747,04-08-2023 10:59,10,176,5.4694204,4.4694204,9,14,5,9,3,9
1691146807,04-08-2023 11:00,10,172,24.287859,10.873489,9,14,24,22,6,15
1691146867,04-08-2023 11:01,10,171,10.279313,9.279313,9,14,10,19,8,21
1691146927,04-08-2023 11:02,10,174,24.514408,9.737913,9,14,25,19,6,14
1691146987,04-08-2023 11:03,10,174,23.724895,9.933751,9,14,24,20,5,12
1691147047,04-08-2023 11:04,10,171,12.253181,11.253181,9,14,12,23,8,21
1691147107,04-08-2023 11:05,11,173,15.845144,14.845144,10,14,16,30,10,24
1691147167,04-08-2023 11:06,10,172,15.179256,14.179256,9,14,15,28,7,17
1691147227,04-08-2023 11:07,10,174,16.835392,15.835391,9,14,17,32,11,27
1691147287,04-08-2023 11:08,11,172,15.85157,12.82688,10,14,16,26,6,15
1691147347,04-08-2023 11:09,11,170,14.512446,13.512446,10,14,15,27,10,24
1691147407,04-08-2023 11:10,11,166,11.612213,10.612213,10,13,12,21,10,24
1691147467,04-08-2023 11:11,11,162,11.990617,10.990617,10,13,12,22,10,25
1691147527,04-08-2023 11:12,10,163,17.580486,16.580486,9,13,18,33,10,25
1691147587,04-08-2023 11:13,10,160,18.104664,17.104664,9,13,18,34,10,24
1691147647,04-08-2023 11:14,12,156,11.185705,10.185705,11,12,11,20,9,23
1691147707,04-08-2023 11:15,12,154,12.9371605,11.9371605,11,12,13,24,11,27
1691147767,04-08-2023 11:16,12,157,13.259968,12.259968,11,13,13,25,7,18
1691147827,04-08-2023 11:17,12,154,16.883915,15.883914,11,12,17,32,11,27
1691147887,04-08-2023 11:18,12,154,19.969885,18.969885,11,12,20,38,14,34
1691147947,04-08-2023 11:19,12,151,18.865677,17.865677,11,12,19,36,14,34
1691148007,04-08-2023 11:20,13,150,23.288183,22.288183,12,12,23,45,12,30
1691148067,04-08-2023 11:21,13,150,20.485619,19.485619,12,12,20,39,10,24
1691148127,04-08-2023 11:22,12,152,20.163464,19.163464,11,12,20,38,13,32
1691148187,04-08-2023 11:23,14,148,28.28207,27.28207,13,12,28,55,18,45
1691148247,04-08-2023 11:24,13,147,27.27136,26.27136,12,12,27,53,15,39
1691148307,04-08-2023 11:25,14,144,24.001822,23.001822,13,12,24,46,14,35
1691148367,04-08-2023 11:26,14,144,23.024197,22.024197,13,12,23,44,14,35
1691148427,04-08-2023 11:27,15,142,29.423141,28.423141,14,11,29,57,19,48
1691148487,04-08-2023 11:28,15,143,29.770374,28.770374,14,11,30,58,18,46
1691148547,04-08-2023 11:29,15,139,30.15255,29.15255,14,11,30,58,20,49
1691148607,04-08-2023 11:30,15,142,19.872616,18.872616,14,11,20,38,13,31
1691148667,04-08-2023 11:31,15,141,27.138977,26.138977,14,11,27,52,16,40
1691148727,04-08-2023 11:32,16,137,28.96808,27.96808,15,11,29,56,20,49
1691148787,04-08-2023 11:33,16,138,26.172253,25.172253,15,11,26,50,17,44
1691148847,04-08-2023 11:34,16,138,22.714428,21.714428,15,11,23,43,16,41
1691148907,04-08-2023 11:35,16,136,24.201694,23.201694,15,11,24,46,16,40
1691148967,04-08-2023 11:36,16,136,24.115395,23.115395,15,11,24,46,14,36
1691149027,04-08-2023 11:37,17,133,25.027924,24.027924,16,11,25,48,14,36
1691149087,04-08-2023 11:38,16,134,29.93626,28.93626,15,11,30,58,19,49
1691149147,04-08-2023 11:39,16,132,29.840307,28.840307,15,11,30,58,19,48
1691149207,04-08-2023 11:40,17,130,27.004532,26.004532,16,10,27,52,17,43
1691149267,04-08-2023 11:41,17,126,29.051977,28.051977,16,10,29,56,21,52
1691149327,04-08-2023 11:42,17,132,27.850018,26.850018,16,11,28,54,16,41
1691149387,04-08-2023 11:43,16,128,26.735262,25.735262,15,10,27,51,16,41
1691149447,04-08-2023 11:44,17,130,21.1403,20.1403,16,10,21,40,11,27
1691149507,04-08-2023 11:45,18,128,30.801168,29.801168,17,10,31,60,21,51
1691149567,04-08-2023 11:46,17,129,32.006985,31.006985,16,10,32,62,21,53
1691149627,04-08-2023 11:47,17,127,27.085033,26.085033,16,10,27,52,18,44
1691149687,04-08-2023 11:48,17,131,27.217861,26.217861,16,10,27,52,20,49
1691149747,04-08-2023 11:49,18,131,35.030075,34.030075,17,10,35,68,23,58
1691149807,04-08-2023 11:50,17,130,34.488964,33.488964,16,10,34,67,24,60
1691149867,04-08-2023 11:51,0,131,36.136547,35.136547,0,10,36,70,25,61
1691149927,04-08-2023 11:52,18,130,37.195004,36.195004,17,10,37,72,26,64
1691149987,04-08-2023 11:53,17,132,33.869328,32.869328,16,11,34,66,22,55
1691150047,04-08-2023 11:54,18,126,37.295223,36.295223,17,10,37,73,26,64
1691150107,04-08-2023 11:55,18,126,38.11729,37.11729,17,10,38,74,27,67
1691150167,04-08-2023 11:56,19,125,35.362724,34.362724,18,10,35,69,26,65
1691150227,04-08-2023 11:57,18,125,42.54921,41.54921,16,10,43,83,30,76
1691150287,04-08-2023 11:58,18,128,29.857237,28.857237,17,10,30,58,21,53
1691150347,04-08-2023 11:59,18,128,41.928783,40.928783,17,10,42,82,30,76
1691150407,04-08-2023 12:00,18,127,36.095337,35.095337,17,10,36,70,24,60
1691150467,04-08-2023 12:01,18,124,37.468033,36.468033,0,10,37,73,26,65
1691150527,04-08-2023 12:02,18,122,28.299606,27.299606,17,10,28,55,16,41
1691150587,04-08-2023 12:03,18,126,37.000397,36.000397,17,10,37,72,25,64
1691150647,04-08-2023 12:04,18,125,31.211132,30.211132,17,10,31,60,19,47
1691150707,04-08-2023 12:05,18,126,30.417332,29.417332,17,10,30,59,23,58
1691150767,04-08-2023 12:06,18,124,33.273342,32.273342,17,10,33,65,21,53
1691150827,04-08-2023 12:07,18,124,38.985374,37.985374,17,10,39,76,27,66
1691150887,04-08-2023 12:08,18,123,36.177696,35.177696,17,10,36,70,23,57
1691150947,04-08-2023 12:09,18,126,32.6688,31.668802,17,10,33,63,22,56
1691151007,04-08-2023 12:10,18,124,28.634968,27.634968,17,10,29,55,17,44
1691151067,04-08-2023 12:11,17,124,32.34567,,0,10,0,0,,
1691151127,04-08-2023 12:12,17,124,39.66513,38.66513,16,10,40,77,28,70
1691151187,04-08-2023 12:13,18,126,29.58924,28.58924,17,10,30,57,18,44
1691151247,04-08-2023 12:14,17,123,31.467663,30.467663,16,10,31,61,21,53
1691151307,04-08-2023 12:15,18,123,32.112892,31.112892,17,10,32,62,24,60
1691151367,04-08-2023 12:16,18,123,32.092785,31.092785,17,0,32,62,22,54
1691151427,04-08-2023 12:17,18,123,32.036682,31.036682,17,10,32,62,24,59
1691151487,04-08-2023 12:18,17,125,31.756977,30.756977,16,10,32,62,20,51
1691151547,04-08-2023 12:19,18,122,28.717016,27.717016,17,10,29,55,20,50
1691151607,04-08-2023 12:20,17,121,21.33628,20.33628,16,10,21,41,15,38
1691151667,04-08-2023 12:21,18,122,29.609646,28.609646,0,10,30,57,23,58
1691151727,04-08-2023 12:22,18,123,27.50604,26.50604,17,10,28,53,18,44
1691151787,04-08-2023 12:23,18,126,28.84027,27.84027,17,10,29,56,18,45
1691151847,04-08-2023 12:24,17,126,28.806904,27.806904,16,10,29,56,18,46
1691151907,04-08-2023 12:25,17,120,28.195751,27.195751,16,10,28,54,19,47
1691151967,04-08-2023 12:26,17,122,24.151688,23.151688,16,10,24,46,17,44
1691152027,04-08-2023 12:27,17,122,31.221298,30.221298,16,10,31,60,20,49
1691152087,04-08-2023 12:28,18,121,23.252878,22.252878,17,10,23,45,17,41
1691152147,04-08-2023 12:29,17,120,24.328602,23.328602,16,10,24,47,17,43
1691152207,04-08-2023 12:30,16,122,23.165632,22.165632,0,10,23,44,16,39
1691152267,04-08-2023 12:31,16,122,26.651371,25.651371,15,10,27,51,18,45
1691152327,04-08-2023 12:32,17,120,28.363688,27.363688,16,10,28,55,18,45
1691152387,04-08-2023 12:33,17,122,24.709948,23.709948,16,10,25,47,17,42
1691152447,04-08-2023 12:34,16,121,19.632294,18.632294,15,10,20,37,12,31
1691152507,04-08-2023 12:35,17,120,26.43547,25.43547,16,10,26,51,18,45
1691152567,04-08-2023 12:36,17,119,23.255146,22.255146,16,10,23,45,14,35
1691152627,04-08-2023 12:37,17,119,28.174143,27.174143,16,10,28,54,18,45
1691152687,04-08-2023 12:38,17,117,26.116434,25.116434,16,9,26,50,16,41
1691152747,04-08-2023 12:39,17,117,18.897346,17.897346,16,9,19,36,12,30
1691152807,04-08-2023 12:40,17,115,23.45725,22.45725,16,9,23,45,15,37
1691152867,04-08-2023 12:41,16,119,25.42806,24.42806,15,10,25,49,18,46
1691152927,04-08-2023 12:42,16,117,15.596987,14.596987,15,9,16,29,12,30
1691152987,04-08-2023 12:43,16,118,24.042164,23.042164,15,9,24,46,16,40
1691153047,04-08-2023 12:44,16,118,19.885452,18.885452,15,9,20,38,13,32
1691153107,04-08-2023 12:45,17,117,22.29451,21.29451,16,9,22,43,14,35
1691153167,04-08-2023 12:46,17,118,24.121326,23.121326,16,9,24,46,15,39
1691153227,04-08-2023 12:47,16,117,18.882496,17.882496,15,9,19,36,12,30
1691153287,04-08-2023 12:48,16,117,22.410622,21.410622,15,9,22,43,13,33
1691153347,04-08-2023 12:49,17,115,26.673012,25.673012,16,9,27,51,17,42
1691153407,04-08-2023 12:50,17,116,22.109987,21.109987,16,9,22,42,13,34
1691153467,04-08-2023 12:51,14,115,24.66335,23.66335,13,9,25,47,15,37
1691153527,04-08-2023 12:52,15,117,28.79366,27.79366,14,9,29,56,19,47
1691153587,04-08-2023 12:53,14,117,23.992437,22.992437,13,9,24,46,15,38
1691153647,04-08-2023 12:54,15,114,23.96538,22.96538,14,9,24,46,15,36
1691153707,04-08-2023 12:55,15,117,16.95361,15.953609,14,9,17,32,12,30
1691153767,04-08-2023 12:56,14,119,17.978878,16.978878,13,10,18,34,8,19
1691153827,04-08-2023 12:57,14,117,23.804272,22.804272,13,9,24,46,15,39
1691153887,04-08-2023 12:58,15,118,23.275501,22.275501,14,9,23,45,14,34
1691153947,04-08-2023 12:59,15,117,20.917328,19.917328,14,9,21,40,14,35
1691154007,04-08-2023 13:00,14,118,21.005058,20.005058,13,9,21,40,15,36
1691154067,04-08-2023 13:01,15,116,25.30589,24.30589,14,9,25,49,17,42
1691154127,04-08-2023 13:02,14,115,21.323875,20.323875,13,9,21,41,15,38
1691154187,04-08-2023 13:03,15,116,28.219133,27.219133,14,9,28,54,17,43
1691154247,04-08-2023 13:04,15,118,21.983349,20.983349,14,9,22,42,17,42
1691154307,04-08-2023 13:05,15,118,15.031504,14.031504,14,9,15,28,12,30
1691154367,04-08-2023 13:06,15,116,21.51329,20.51329,14,9,22,41,15,36
1691154427,04-08-2023 13:07,15,117,21.93261,20.93261,14,9,22,42,13,33
1691154487,04-08-2023 13:08,15,117,22.176125,21.176125,14,9,22,42,12,30
1691154547,04-08-2023 13:09,14,116,20.309368,19.309368,13,9,20,39,14,35
1691154607,04-08-2023 13:10,15,115,25.754147,24.754147,14,9,26,50,16,39
1691154667,04-08-2023 13:11,14,118,21.472113,20.472113,13,9,21,41,15,37
1691154727,04-08-2023 13:12,15,116,30.580143,29.580143,14,9,31,59,20,49
1691154787,04-08-2023 13:13,15,119,20.067219,19.067219,14,10,20,38,15,38
1691154847,04-08-2023 13:14,14,118,18.145138,17.145138,13,9,18,34,12,30
1691154907,04-08-2023 13:15,14,123,21.666265,20.666265,13,10,22,41,14,36
1691154967,04-08-2023 13:16,15,124,19.783413,18.783413,14,10,20,38,13,32
1691155027,04-08-2023 13:17,15,126,20.985428,19.985428,14,10,21,40,14,35
1691155087,04-08-2023 13:18,14,127,25.240444,24.240444,13,10,25,48,16,40
1691155147,04-08-2023 13:19,15,131,17.556614,16.556614,14,10,18,33,14,34
1691155207,04-08-2023 13:20,15,132,21.980183,20.980183,14,11,22,42,12,29
1691155267,04-08-2023 13:21,18,141,23.976215,22.976215,17,11,24,46,13,33
1691155327,04-08-2023 13:22,18,147,20.708084,19.708084,17,12,21,39,15,37
1691155387,04-08-2023 13:23,18,151,23.937073,22.937073,17,12,24,46,13,33
1691155447,04-08-2023 13:24,17,161,23.505936,22.505936,16,13,24,45,15,37
1691155507,04-08-2023 13:25,17,163,23.754509,22.754509,16,13,24,46,17,41
1691155567,04-08-2023 13:26,17,164,23.588928,22.588928,16,13,24,45,13,33
1691155627,04-08-2023 13:27,18,166,14.776231,13.776231,17,13,15,28,10,26
1691155687,04-08-2023 13:28,16,161,25.180992,24.180992,15,13,25,48,14,35
1691155747,04-08-2023 13:29,13,165,20.871471,19.871471,12,13,21,40,13,33
1691155807,04-08-2023 13:30,12,168,20.604849,19.604849,11,13,21,39,14,34
1691155867,04-08-2023 13:31,12,175,26.264057,25.264057,11,14,26,51,17,43
1691155927,04-08-2023 13:32,11,170,22.666317,21.666317,11,14,23,43,18,46
1691155987,04-08-2023 13:33,13,174,21.671038,20.671038,12,14,22,41,14,36
1691156047,04-08-2023 13:34,13,172,26.655666,25.655666,12,14,27,51,17,42
1691156107,04-08-2023 13:35,13,165,24.208138,23.208138,12,13,24,46,13,34
1691156167,04-08-2023 13:36,14,165,24.672039,23.672039,13,13,25,47,14,35
1691156227,04-08-2023 13:37,14,185,24.247427,23.247427,13,15,24,46,15,38
1691156287,04-08-2023 13:38,11,470,24.579983,23.579983,10,36,25,47,15,38
1691156347,04-08-2023 13:39,12,451,31.037342,30.037342,12,35,31,60,19,48
1691156407,04-08-2023 13:40,14,248,33.937973,32.937973,13,20,34,66,24,60
1691156467,04-08-2023 13:41,16,185,35.575832,34.575832,15,15,36,69,23,57
1691156527,04-08-2023 13:42,15,152,29.101065,28.101065,14,12,29,56,17,42
1691156587,04-08-2023 13:43,19,126,32.649456,31.649456,18,10,33,63,21,51
1691156647,04-08-2023 13:44,20,114,38.53093,37.53093,19,9,39,75,27,67
1691156707,04-08-2023 13:45,21,103,46.57656,45.57656,19,8,47,91,34,86
1691156767,04-08-2023 13:46,21,94,29.29047,28.29047,20,8,29,57,17,43
1691156827,04-08-2023 13:47,23,87,40.573174,39.573174,22,7,41,79,30,74
1691156887,04-08-2023 13:48,23,83,42.71047,41.71047,22,7,43,83,31,77
1691156947,04-08-2023 13:49,23,78,44.525013,43.525013,23,6,45,87,33,84
1691157007,04-08-2023 13:50,23,77,41.70551,40.70551,22,6,42,81,29,73
1691157067,04-08-2023 13:51,20,76,48.96421,47.96421,18,6,49,96,36,91
1691157127,04-08-2023 13:52,19,77,52.819294,51.819294,18,6,55,102,38,95
1691157187,04-08-2023 13:53,19,75,54.346058,51.903133,18,6,57,102,39,97
1691157247,04-08-2023 13:54,18,78,76.80591,50.16245,17,6,95,100,34,86
1691157307,04-08-2023 13:55,18,81,62.97423,44.157047,17,6,72,88,30,75
1691157367,04-08-2023 13:56,16,90,50.65142,46.596027,15,7,51,93,34,84
1691157427,04-08-2023 13:57,14,92,40.160637,39.160637,13,7,40,78,28,70
1691157487,04-08-2023 13:58,13,100,41.345679,,12,8,0,0,,
1691157550,04-08-2023 13:59,12,104,42.87491,41.87491,11,8,43,84,30,74
1691157610,04-08-2023 14:00,10,100,44.699265,43.699265,9,8,45,87,32,79
1691157670,04-08-2023 14:01,8,107,51.864162,50.864162,8,9,53,101,41,103
1691157730,04-08-2023 14:02,7,122,43.20851,42.20851,7,10,43,84,32,79
1691157910,04-08-2023 14:05,5,136,46.09298,45.09298,5,11,46,90,35,88
1691157969,04-08-2023 14:06,4,138,47.345678,,4,11,0,0,,
1691158030,04-08-2023 14:07,5,136,48.57686,47.57686,5,11,49,95,36,90
1691158090,04-08-2023 14:08,6,136,42.127064,41.127064,6,11,42,82,29,73
1691158150,04-08-2023 14:09,7,136,40.954582,39.954582,7,11,41,80,29,73
1691158210,04-08-2023 14:10,8,138,42.456799,,8,0,0,0,,
1691158387,04-08-2023 14:13,8,140,44.227516,43.227516,8,11,44,86,32,81
1691158450,04-08-2023 14:14,8,143,44.927933,43.927933,8,11,45,88,33,83
1691158510,04-08-2023 14:15,8,141,45.48378,44.48378,8,11,45,89,34,84
1691158570,04-08-2023 14:16,9,140,47.45679,,9,11,0,0,,
1691158630,04-08-2023 14:17,9,140,51.06004,46.807148,9,11,52,94,34,85
1691158690,04-08-2023 14:18,8,143,44.16704,43.16704,8,11,44,86,33,83
1691158750,04-08-2023 14:19,9,140,46.746674,45.746674,9,11,47,91,35,86
1691158810,04-08-2023 14:20,9,143,44.10553,43.10553,9,11,44,86,32,79
1691158870,04-08-2023 14:21,8,143,45.024162,44.024162,0,11,45,88,33,82
1691158930,04-08-2023 14:22,8,144,45.456789,,8,0,0,0,,
1691158990,04-08-2023 14:23,8,145,44.22937,43.22937,8,12,44,86,31,77
1691159050,04-08-2023 14:24,9,142,44.041748,43.041748,9,11,44,86,32,80
1691159110,04-08-2023 14:25,9,140,44.523605,43.523605,9,11,45,87,32,81
1691159170,04-08-2023 14:26,9,143,45.68174,44.68174,9,11,46,89,34,84
1691159230,04-08-2023 14:27,8,142,45.45678,,8,0,0,0,,
1691159288,04-08-2023 14:28,8,142,51.944183,44.60871,0,11,53,89,32,79
1691159348,04-08-2023 14:29,10,142,46.209354,45.209354,9,11,46,90,33,82
1691159408,04-08-2023 14:30,10,141,49.481525,48.481525,9,11,49,97,37,92
1691159468,04-08-2023 14:31,9,142,49.453438,48.453438,9,11,49,97,35,88
1691159528,04-08-2023 14:32,9,143,41.413067,40.413067,0,11,41,81,30,74
1691159588,04-08-2023 14:33,10,141,45.345678,,9,11,0,0,,
1691159648,04-08-2023 14:34,8,144,50.97465,49.97465,8,12,52,100,38,94
1691159708,04-08-2023 14:35,8,144,44.87254,43.87254,0,0,45,88,32,80
1691159710,04-08-2023 14:35,8,145,41.537892,,8,12,0,0,,
1691159770,04-08-2023 14:36,9,141,44.653103,43.653103,9,11,45,87,31,78
1691159830,04-08-2023 14:37,9,145,51.037033,48.58707,9,12,52,97,35,88
1691159890,04-08-2023 14:38,9,144,44.06391,43.06391,9,0,44,86,32,79
1691159950,04-08-2023 14:39,8,144,47.182564,46.182564,8,12,47,92,35,87
1691160010,04-08-2023 14:40,8,142,43.181744,42.181744,0,11,43,84,30,76
1691160070,04-08-2023 14:41,9,141,42.916374,41.916374,9,11,43,84,30,75
1691160130,04-08-2023 14:42,8,143,46.75787,38.686974,0,11,47,77,26,65
1691160190,04-08-2023 14:43,9,145,39.62398,38.62398,9,12,40,77,26,66
1691160250,04-08-2023 14:44,9,145,42.435628,,9,0,0,0,,
1691160310,04-08-2023 14:45,9,144,45.25368,,9,0,0,0,,
1691160370,04-08-2023 14:46,9,144,47.650486,45.09322,9,12,48,90,32,80
1691160430,04-08-2023 14:47,10,145,45.07139,44.07139,9,12,45,88,32,81
1691160490,04-08-2023 14:48,9,145,40.288715,36.47083,9,12,40,73,24,60
1691160550,04-08-2023 14:49,9,143,43.257156,42.257156,9,11,43,85,31,77
1691160610,04-08-2023 14:50,8,143,47.00286,46.00286,8,0,47,92,33,83
1691160670,04-08-2023 14:51,9,143,52.218052,41.9335,9,11,54,84,29,73
1691160730,04-08-2023 14:52,9,146,48.533417,47.533417,0,12,49,95,35,87
1691160790,04-08-2023 14:53,10,145,47.535885,43.95895,9,12,48,88,31,78
1691160850,04-08-2023 14:54,10,147,48.67394,,9,12,0,0,,
1691160910,04-08-2023 14:55,10,148,48.59075,46.209663,9,12,49,92,33,82
1691160970,04-08-2023 14:56,9,152,48.127533,47.127533,9,12,48,94,34,86
1691161030,04-08-2023 14:57,10,149,48.991802,47.991802,9,12,49,96,35,88
1691161090,04-08-2023 14:58,10,149,41.951572,40.951572,10,12,42,82,29,73
1691161150,04-08-2023 14:59,10,148,46.432518,45.432518,9,12,46,91,32,81
1691161210,04-08-2023 15:00,10,148,45.2844,42.861,10,12,45,86,30,76
1691161269,04-08-2023 15:01,10,149,44.40019,41.39807,9,12,44,83,28,70
1691161329,04-08-2023 15:02,10,148,47.510155,46.510155,9,12,48,93,35,87
1691161389,04-08-2023 15:03,10,151,42.025867,41.025867,9,12,42,82,29,73
1691161449,04-08-2023 15:04,11,150,46.185574,45.185574,10,12,46,90,33,84
1691161509,04-08-2023 15:05,11,151,46.325523,45.325523,10,12,46,91,33,83
1691161569,04-08-2023 15:06,11,150,46.444202,45.444202,10,12,46,91,33,82
1691161629,04-08-2023 15:07,10,152,42.375698,41.375698,9,12,42,83,30,74
1691161689,04-08-2023 15:08,11,149,43.876953,42.876953,10,12,44,86,32,81
1691161749,04-08-2023 15:09,11,151,44.54789,43.54789,10,12,45,87,31,78
1691161809,04-08-2023 15:10,12,152,49.482784,46.739525,11,12,49,93,34,85
1691161869,04-08-2023 15:11,11,152,38.82633,37.82633,10,12,39,76,27,67
1691161929,04-08-2023 15:12,11,153,41.25698,40.25698,10,12,41,81,28,71
1691161989,04-08-2023 15:13,11,150,54.515892,53.515892,10,12,58,104,40,99
1691162049,04-08-2023 15:14,11,152,52.273766,51.273766,10,12,54,101,39,98
1691162109,04-08-2023 15:15,11,153,47.460464,46.460464,10,12,47,93,34,84
1691162169,04-08-2023 15:16,11,150,45.870754,44.870754,10,12,46,90,33,83
1691162229,04-08-2023 15:17,11,155,44.780323,43.780323,10,12,45,88,32,81
1691162289,04-08-2023 15:18,11,156,41.849125,40.849125,10,12,42,82,28,71
1691162349,04-08-2023 15:19,11,155,52.93225,51.93225,10,12,55,102,39,98
1691162409,04-08-2023 15:20,12,157,50.56383,,11,13,0,0,,
1691162470,04-08-2023 15:21,10,156,49.21208,48.21208,9,12,49,96,35,87
1691162530,04-08-2023 15:22,11,158,38.60902,37.60902,10,13,39,75,27,66
1691162590,04-08-2023 15:23,11,160,41.271774,40.271774,10,13,41,81,29,73
1691162650,04-08-2023 15:24,10,158,44.192745,43.192745,9,13,44,86,33,82
1691162710,04-08-2023 15:25,10,157,47.867836,46.867836,10,13,48,94,35,88
1691162770,04-08-2023 15:26,10,158,42.931435,41.931435,9,13,43,84,30,75
1691162830,04-08-2023 15:27,10,161,49.561714,48.561714,0,13,50,97,36,90
1691162890,04-08-2023 15:28,10,156,51.55668,50.55668,0,12,53,101,37,93
1691162950,04-08-2023 15:29,10,162,48.700912,47.700912,9,13,49,95,36,91
1691163010,04-08-2023 15:30,9,162,47.456799,,9,0,0,0,,
1691163070,04-08-2023 15:31,10,163,47.1538,46.1538,10,13,47,92,34,85
1691163130,04-08-2023 15:32,10,161,45.954365,44.954365,9,13,46,90,33,84
1691163190,04-08-2023 15:33,9,162,54.22989,53.22989,9,13,57,103,40,100
1691163250,04-08-2023 15:34,9,161,43.247482,42.247482,9,13,43,84,31,78
1691163310,04-08-2023 15:35,8,161,44.106926,43.106926,8,13,44,86,31,78
1691163370,04-08-2023 15:36,8,147,44.534855,43.534855,8,12,45,87,32,79
1691163430,04-08-2023 15:37,7,140,46.24243,45.24243,7,11,46,90,34,85
1691163490,04-08-2023 15:38,8,134,51.22405,50.22405,8,11,52,100,39,96
1691163550,04-08-2023 15:39,8,130,47.3995,46.3995,8,0,47,93,34,85
1691163610,04-08-2023 15:40,9,122,49.954575,48.954575,9,10,50,98,36,91
1691163670,04-08-2023 15:41,10,120,54.22905,53.22905,10,10,57,103,40,101
1691163730,04-08-2023 15:42,11,114,45.366478,44.366478,10,9,45,89,32,81
1691163790,04-08-2023 15:43,10,112,42.780846,41.780846,10,9,43,84,31,77
1691163850,04-08-2023 15:44,11,105,48.703857,47.703857,11,8,49,95,37,92
1691163910,04-08-2023 15:45,12,99,51.062946,50.062946,11,8,52,100,39,97
1691163970,04-08-2023 15:46,12,99,50.939995,49.939995,11,8,52,100,38,95
1691164030,04-08-2023 15:47,12,99,54.62359,53.62359,11,8,58,104,43,107
1691164090,04-08-2023 15:48,13,97,46.782104,45.782104,12,8,47,92,34,86
1691164150,04-08-2023 15:49,14,96,43.51347,42.51347,13,8,44,85,30,76
1691164211,04-08-2023 15:50,14,94,42.654332,,13,0,0,0,,
1691164270,04-08-2023 15:51,14,93,40.669266,39.669266,13,7,41,79,29,74
1691164330,04-08-2023 15:52,14,92,43.654278,,13,0,0,0,,
1691164331,04-08-2023 15:52,14,91,46.001358,45.001358,0,0,46,90,34,84
1691164391,04-08-2023 15:53,15,90,46.532307,45.532307,14,7,47,91,35,88
1691164451,04-08-2023 15:54,13,89,40.65697,39.65697,13,7,41,79,29,73
1691164511,04-08-2023 15:55,15,90,42.665348,41.665348,14,7,43,83,31,77
1691164571,04-08-2023 15:56,15,91,45.964016,44.964016,14,7,46,90,34,85
1691164631,04-08-2023 15:57,15,92,48.57837,47.57837,14,7,49,95,36,89
1691164691,04-08-2023 15:58,15,93,44.25237,43.25237,14,7,44,87,32,79
1691164751,04-08-2023 15:59,16,87,44.757763,43.757763,15,7,45,88,33,82
1691164811,04-08-2023 16:00,16,87,45.675853,,15,0,0,0,,
1691164870,04-08-2023 16:01,16,87,45.73774,44.73774,15,7,46,89,34,85
1691164930,04-08-2023 16:02,17,87,40.714523,39.714523,16,7,41,79,29,73
1691164990,04-08-2023 16:03,16,87,49.21606,48.21606,15,7,49,96,38,94
1691165050,04-08-2023 16:04,17,85,50.58546,49.58546,16,7,51,99,39,98
1691165110,04-08-2023 16:05,17,87,42.220024,41.220024,16,7,42,82,30,75
1691165170,04-08-2023 16:06,17,87,46.38488,45.38488,16,7,46,91,34,86
1691165230,04-08-2023 16:07,16,88,42.67911,41.67911,15,7,43,83,31,77
1691165290,04-08-2023 16:08,17,89,47.985558,46.985558,16,7,48,94,35,88
1691165350,04-08-2023 16:09,17,87,44.58015,43.58015,0,7,45,87,32,81
1691165410,04-08-2023 16:10,17,85,46.688484,45.688484,16,7,47,91,34,85
1691165470,04-08-2023 16:11,17,88,47.328304,46.328304,16,7,47,93,36,89
1691165530,04-08-2023 16:12,17,91,44.276333,43.276333,16,7,44,87,32,81
1691165590,04-08-2023 16:13,17,90,45.54471,44.54471,16,7,46,89,34,85
1691165650,04-08-2023 16:14,16,90,48.47773,47.47773,15,7,48,95,36,90
1691165710,04-08-2023 16:15,17,90,43.73803,42.73803,16,7,44,85,33,82
1691165770,04-08-2023 16:16,19,90,42.87931,41.87931,17,7,43,84,31,77
1691165830,04-08-2023 16:17,19,81,43.419678,42.419678,17,6,43,85,31,78
1691165890,04-08-2023 16:18,19,73,43.050587,42.050587,17,6,43,84,32,80
1691165950,04-08-2023 16:19,19,69,45.720814,44.720814,17,6,46,89,34,85
1691166010,04-08-2023 16:20,19,69,48.02388,47.02388,17,6,48,94,36,91
1691166070,04-08-2023 16:21,19,68,46.20655,45.20655,17,5,46,90,33,82
1691166130,04-08-2023 16:22,19,66,46.25336,45.25336,17,5,46,91,35,86
1691166190,04-08-2023 16:23,18,65,37.473648,36.473648,17,5,37,73,26,64
1691166250,04-08-2023 16:24,19,61,42.682156,41.682156,17,5,43,83,31,77
1691166310,04-08-2023 16:25,19,63,44.9393,43.9393,17,5,45,88,33,83
1691166370,04-08-2023 16:26,19,67,43.130333,42.130333,17,5,43,84,32,80
1691166430,04-08-2023 16:27,19,66,44.511406,43.511406,18,5,45,87,33,84
1691166490,04-08-2023 16:28,19,66,37.490616,36.490616,17,5,37,73,27,67
1691166550,04-08-2023 16:29,19,67,41.596237,40.596237,17,5,42,81,30,76
1691166610,04-08-2023 16:30,19,68,46.200882,45.200882,17,5,46,90,34,84
1691166670,04-08-2023 16:31,19,70,47.38385,46.38385,17,6,47,93,36,90
1691166730,04-08-2023 16:32,19,72,40.80759,39.80759,18,6,41,80,29,72
1691166790,04-08-2023 16:33,19,69,44.78495,43.78495,17,6,45,88,33,82
1691166850,04-08-2023 16:34,19,66,45.664894,44.664894,17,5,46,89,34,84
1691166910,04-08-2023 16:35,19,63,44.300247,43.300247,0,5,44,87,32,79
1691166970,04-08-2023 16:36,19,63,42.262527,41.262527,17,5,42,83,31,78
1691167031,04-08-2023 16:37,19,65,46.894108,45.894108,18,5,47,92,35,88
1691167091,04-08-2023 16:38,19,71,43.75143,42.75143,17,6,44,86,32,80
1691167151,04-08-2023 16:39,19,70,44.215965,43.215965,17,6,44,86,32,80
1691167211,04-08-2023 16:40,18,72,48.329216,47.329216,17,6,48,95,36,89
1691167271,04-08-2023 16:41,18,72,42.49443,41.49443,17,6,42,83,32,80
1691167331,04-08-2023 16:42,19,68,43.480656,42.480656,17,5,43,85,31,78
1691167390,04-08-2023 16:43,18,67,44.343925,43.343925,17,5,44,87,32,80
1691167450,04-08-2023 16:44,18,66,44.393196,43.393196,17,5,44,87,32,80
1691167510,04-08-2023 16:45,15,65,53.634323,52.634323,0,5,56,103,40,100
1691167570,04-08-2023 16:46,14,67,43.327194,42.327194,13,5,43,85,31,77
1691167630,04-08-2023 16:47,14,67,42.83284,41.83284,13,5,43,84,31,77
1691167690,04-08-2023 16:48,13,66,48.068115,47.068115,13,5,48,94,36,89
1691167750,04-08-2023 16:49,14,62,44.224163,43.224163,13,5,44,86,32,81
1691167810,04-08-2023 16:50,14,57,47.123158,46.123158,13,5,47,92,34,86
1691167870,04-08-2023 16:51,14,57,45.567215,44.567215,13,5,46,89,33,83
1691167930,04-08-2023 16:52,14,55,33.250454,32.250454,13,4,33,65,21,53
1691167990,04-08-2023 16:53,14,55,35.72709,34.72709,13,4,36,69,24,60
1691168050,04-08-2023 16:54,14,56,25.822956,24.822956,13,4,26,50,18,46
1691168110,04-08-2023 16:55,15,56,27.456789,,0,4,0,0,,
1691168170,04-08-2023 16:56,15,53,30.66817,29.66817,14,0,31,59,20,50
1691168230,04-08-2023 16:57,15,53,30.98008,29.98008,14,4,31,60,19,47
1691168290,04-08-2023 16:58,15,53,31.63021,30.63021,14,4,32,61,21,53
1691168350,04-08-2023 16:59,15,55,37.361423,36.361423,14,4,37,73,26,65
1691168410,04-08-2023 17:00,15,56,29.676355,28.676355,14,0,30,57,19,47
1691168470,04-08-2023 17:01,14,56,36.569702,35.569702,13,4,37,71,24,59
1691168530,04-08-2023 17:02,14,55,36.12172,35.12172,13,4,36,70,27,68
1691168590,04-08-2023 17:03,14,54,39.697105,38.697105,13,4,40,77,27,67
1691168650,04-08-2023 17:04,15,52,38.870735,37.870735,14,4,39,76,26,66
1691168710,04-08-2023 17:05,14,50,40.963615,39.963615,0,4,41,80,28,69
1691168770,04-08-2023 17:06,14,48,33.679363,32.679363,13,4,34,65,21,52
1691168830,04-08-2023 17:07,15,47,36.07873,35.07873,14,4,36,70,25,62
1691168890,04-08-2023 17:08,14,49,35.577396,34.577396,13,4,36,69,26,65
1691168950,04-08-2023 17:09,14,50,34.64206,33.64206,13,4,35,67,23,58
1691169010,04-08-2023 17:10,13,50,35.345678,,13,0,0,0,,
1691169070,04-08-2023 17:11,13,50,36.75803,35.75803,13,4,37,72,25,63
1691169130,04-08-2023 17:12,13,51,38.396606,37.396606,13,4,38,75,27,69
1691169190,04-08-2023 17:13,13,51,36.763924,35.763924,13,4,37,72,24,61
1691169250,04-08-2023 17:14,13,50,31.623768,30.623768,0,4,32,61,21,52
1691169310,04-08-2023 17:15,14,49,33.44061,32.44061,13,4,33,65,21,52
1691169371,04-08-2023 17:16,14,51,38.406036,37.406036,13,4,38,75,27,67
1691169431,04-08-2023 17:17,13,50,35.84015,34.84015,13,4,36,70,25,63
1691169491,04-08-2023 17:18,13,51,27.917576,26.917576,13,4,28,54,18,44
1691169551,04-08-2023 17:19,13,51,28.725086,27.725086,13,4,29,55,17,43
1691169611,04-08-2023 17:20,13,50,28.346892,,13,0,0,0,,
1691169671,04-08-2023 17:21,13,48,29.514841,28.514841,13,4,30,57,21,52
1691169731,04-08-2023 17:22,14,49,24.944973,23.944973,13,4,25,48,15,37
1691169791,04-08-2023 17:23,14,47,30.427742,29.427742,13,4,30,59,20,50
1691169851,04-08-2023 17:24,14,48,31.3456782,29.207003,13,4,0,58,19,47
1691169910,04-08-2023 17:25,13,50,32.242104,31.242102,12,4,32,62,20,51
1691169970,04-08-2023 17:26,13,51,27.695208,26.695208,13,4,28,53,18,46
1691170030,04-08-2023 17:27,12,52,30.70877,29.70877,12,4,31,59,19,48
1691170090,04-08-2023 17:28,12,56,25.886124,24.886124,12,4,26,50,17,42
1691170150,04-08-2023 17:29,12,59,30.724888,29.724888,12,5,31,59,21,51
1691170210,04-08-2023 17:30,12,61,27.655998,26.655998,12,5,28,53,17,43
1691170270,04-08-2023 17:31,12,62,26.772387,25.772387,12,5,27,52,16,40
1691170330,04-08-2023 17:32,12,65,25.511774,24.511774,12,5,26,49,18,44
1691170390,04-08-2023 17:33,12,67,29.916132,28.916132,11,5,30,58,20,49
1691170450,04-08-2023 17:34,12,71,28.03783,27.03783,12,6,28,54,17,43
1691170510,04-08-2023 17:35,11,73,29.549156,28.549156,10,6,30,57,19,47
1691170570,04-08-2023 17:36,10,76,27.228941,26.228941,9,6,27,52,18,45
1691170630,04-08-2023 17:37,9,74,28.465973,27.465973,8,6,28,55,18,45
1691170690,04-08-2023 17:38,11,72,24.370827,23.370827,10,6,24,47,18,44
1691170750,04-08-2023 17:39,10,71,26.345678,,9,6,0,0,21,53
1691170810,04-08-2023 17:40,10,69,30.001019,29.001019,9,6,30,58,20,50
1691170870,04-08-2023 17:41,10,69,31.156467,30.156467,9,6,31,60,21,53
1691170930,04-08-2023 17:42,9,69,31.36024,30.36024,8,6,31,61,20,51
1691170990,04-08-2023 17:43,10,69,32.284256,31.284258,9,6,32,63,23,57
1691171050,04-08-2023 17:44,10,70,27.213293,26.213293,9,6,27,52,16,40
1691171110,04-08-2023 17:45,11,68,30.345678,,10,0,0,0,,
1691171170,04-08-2023 17:46,11,67,32.20755,31.20755,10,5,32,62,21,53
1691171230,04-08-2023 17:47,11,69,30.65118,29.65118,10,6,31,59,21,53
1691171290,04-08-2023 17:48,11,66,27.464228,26.464228,10,5,27,53,17,41
1691171350,04-08-2023 17:49,11,65,26.345678,,10,5,0,0,19,47
1691171410,04-08-2023 17:50,11,69,25.640312,24.640312,10,6,26,49,16,40
1691171470,04-08-2023 17:51,9,75,24.45678,,8,6,0,0,,
1691171530,04-08-2023 17:52,9,76,23.755154,22.755154,8,6,24,46,16,40
1691171590,04-08-2023 17:53,11,81,19.217434,18.217434,10,6,19,36,7,18
1691171650,04-08-2023 17:54,11,75,21.59011,20.59011,10,6,22,41,13,34
1691171710,04-08-2023 17:55,11,72,26.92346,25.92346,10,6,27,52,16,40
1691171770,04-08-2023 17:56,10,72,28.488495,27.488495,9,6,28,55,19,48
1691171830,04-08-2023 17:57,11,68,31.060741,30.060741,10,5,31,60,21,52
1691171890,04-08-2023 17:58,10,65,28.322857,27.322857,9,5,28,55,18,46
1691171950,04-08-2023 17:59,11,63,27.5322,26.5322,10,5,28,53,17,42
1691172010,04-08-2023 18:00,11,61,23.681683,22.681683,10,5,24,45,13,32
1691172070,04-08-2023 18:01,11,61,28.020603,27.020603,10,5,28,54,18,44
1691172130,04-08-2023 18:02,11,60,28.346039,27.346039,10,5,28,55,18,45
1691172190,04-08-2023 18:03,11,60,25.898834,24.898834,10,5,26,50,15,38
1691172250,04-08-2023 18:04,11,59,21.636475,20.636475,10,5,22,41,14,35
1691172310,04-08-2023 18:05,11,59,26.883776,25.883776,10,5,27,52,17,41
1691172370,04-08-2023 18:06,11,59,26.789604,25.789604,10,5,27,52,16,39
1691172430,04-08-2023 18:07,11,62,27.941296,26.941296,10,5,28,54,17,41
1691172490,04-08-2023 18:08,12,63,27.232029,26.232029,11,5,27,52,16,39
1691172550,04-08-2023 18:09,12,70,23.687178,22.687178,11,6,24,45,14,34
1691172610,04-08-2023 18:10,12,77,23.70372,22.70372,11,6,24,45,14,34
1691172670,04-08-2023 18:11,12,83,24.151333,23.151333,11,7,24,46,13,33
1691172730,04-08-2023 18:12,12,86,24.28683,23.28683,11,7,24,47,15,37
1691172790,04-08-2023 18:13,12,89,28.263105,27.263105,12,7,28,55,18,45
1691172850,04-08-2023 18:14,12,89,22.465332,21.465332,12,7,22,43,15,38
1691172910,04-08-2023 18:15,15,89,24.49662,23.49662,14,7,24,47,18,45
1691172970,04-08-2023 18:16,16,89,29.89088,28.89088,15,7,30,58,19,48
1691173030,04-08-2023 18:17,17,86,28.118639,27.118639,16,7,28,54,17,42
1691173090,04-08-2023 18:18,17,86,26.456789,,16,0,0,0,,
1691173150,04-08-2023 18:19,17,86,25.123161,24.123161,16,7,25,48,14,35
1691173210,04-08-2023 18:20,19,88,24.467594,23.467594,18,7,24,47,15,39
1691173270,04-08-2023 18:21,18,91,25.344215,24.344215,17,7,25,49,14,36
1691173330,04-08-2023 18:22,19,93,22.35272,21.35272,18,7,22,43,14,35
1691173390,04-08-2023 18:23,18,92,23.88303,22.88303,17,7,24,46,14,34
1691173450,04-08-2023 18:24,18,93,26.557617,25.557617,17,7,27,51,16,41
1691173510,04-08-2023 18:25,18,89,25.343893,24.343893,17,7,25,49,16,40
1691173570,04-08-2023 18:26,18,83,27.013401,26.013401,17,7,27,52,16,39
1691173630,04-08-2023 18:27,18,81,23.062492,22.062492,17,6,23,44,14,36
1691173690,04-08-2023 18:28,19,77,24.86974,23.86974,18,6,25,48,14,34
1691173750,04-08-2023 18:29,20,73,25.45826,24.45826,18,6,25,49,16,39
1691173810,04-08-2023 18:30,21,76,26.168118,25.168118,19,6,26,50,16,40
1691173870,04-08-2023 18:31,21,80,23.53341,22.53341,19,6,24,45,16,39
1691173930,04-08-2023 18:32,19,84,26.205582,25.205582,18,7,26,50,16,40
1691173990,04-08-2023 18:33,19,86,28.537495,27.537495,18,7,29,55,17,43
1691174051,04-08-2023 18:34,19,83,24.614235,23.614235,18,7,25,47,15,37
1691174111,04-08-2023 18:35,19,80,27.514984,26.514984,18,0,28,53,19,47
1691174170,04-08-2023 18:36,20,75,28.476978,27.476978,19,6,28,55,18,45
1691174230,04-08-2023 18:37,20,73,24.650599,23.650599,19,6,25,47,14,35
1691174290,04-08-2023 18:38,20,71,21.497822,20.497822,19,6,21,41,15,37
1691174350,04-08-2023 18:39,21,73,26.68231,25.68231,19,6,27,51,18,46
1691174410,04-08-2023 18:40,21,79,28.345678,,20,0,0,0,,
1691174470,04-08-2023 18:41,21,83,31.878666,30.878666,19,7,32,62,20,51
1691174530,04-08-2023 18:42,20,80,27.051926,26.051926,19,0,27,52,15,39
1691174590,04-08-2023 18:43,20,78,24.206669,23.206669,19,6,24,46,16,39
1691174650,04-08-2023 18:44,20,74,24.935036,23.935036,19,6,25,48,17,42
1691174710,04-08-2023 18:45,21,72,28.011726,27.011726,19,6,28,54,17,42
1691174770,04-08-2023 18:46,18,72,24.919556,23.919556,17,6,25,48,19,46
1691174830,04-08-2023 18:47,18,75,29.464382,28.464382,17,6,29,57,18,44
1691174890,04-08-2023 18:48,18,78,27.035297,26.035297,0,6,27,52,17,42
1691174950,04-08-2023 18:49,17,81,18.812717,17.812717,16,6,19,36,13,32
1691175010,04-08-2023 18:50,17,79,20.072716,19.072716,16,6,20,38,15,39
1691175070,04-08-2023 18:51,16,74,23.456789,,15,6,0,0,,
1691175130,04-08-2023 18:52,18,70,25.779053,24.779053,17,6,26,50,15,36
1691175190,04-08-2023 18:53,17,69,35.524353,34.524353,16,6,36,69,24,60
1691175250,04-08-2023 18:54,18,66,25.00616,24.00616,17,5,25,48,16,39
1691175310,04-08-2023 18:55,18,69,26.256233,25.256233,17,6,26,51,15,38
1691175370,04-08-2023 18:56,19,74,28.829342,27.829342,0,6,29,56,18,44
1691175430,04-08-2023 18:57,20,78,25.407822,24.407822,19,6,25,49,15,38
1691175490,04-08-2023 18:58,20,80,21.082655,20.082655,19,6,21,40,12,30
1691175550,04-08-2023 18:59,20,76,27.507698,26.507698,19,6,28,53,17,41
1691175610,04-08-2023 19:00,19,77,19.528461,18.528461,18,6,20,37,10,24
1691175670,04-08-2023 19:01,19,73,25.691113,24.691113,18,6,26,49,15,38
1691175730,04-08-2023 19:02,20,70,28.951942,27.951942,19,6,29,56,18,46
1691175790,04-08-2023 19:03,20,65,17.162136,16.162136,19,5,17,32,15,36
1691175850,04-08-2023 19:04,20,66,22.04875,21.04875,19,5,22,42,15,38
1691175910,04-08-2023 19:05,20,72,24.503283,23.503283,19,6,25,47,14,36
1691175970,04-08-2023 19:06,21,76,25.620682,24.620682,0,0,26,49,15,37
1691176030,04-08-2023 19:07,22,78,22.32183,21.32183,21,6,22,43,12,30
1691176090,04-08-2023 19:08,22,79,18.050636,17.050636,20,6,18,34,9,23
1691176150,04-08-2023 19:09,22,79,24.312912,23.312912,20,6,24,47,13,33
1691176210,04-08-2023 19:10,22,76,26.111439,25.111439,20,6,26,50,15,37
1691176270,04-08-2023 19:11,22,73,23.567893,,20,6,0,0,,
1691176330,04-08-2023 19:12,22,72,21.106903,20.106903,22,6,21,40,11,28
1691176390,04-08-2023 19:13,22,73,22.050446,21.050446,22,6,22,42,10,26
1691176450,04-08-2023 19:14,22,78,24.343666,23.343666,22,6,24,47,14,35
1691176510,04-08-2023 19:15,22,79,23.291042,22.291042,22,6,23,45,12,30
1691176570,04-08-2023 19:16,22,82,26.429274,25.429274,0,7,26,51,16,40
1691176630,04-08-2023 19:17,22,80,26.876433,,20,0,0,0,,
1691176690,04-08-2023 19:18,22,78,28.345566,,20,6,0,0,,
1691176750,04-08-2023 19:19,21,77,29.686361,28.686361,19,6,30,57,18,46
1691176810,04-08-2023 19:20,22,77,21.409824,20.409824,20,6,21,41,14,35
1691176870,04-08-2023 19:21,22,75,27.161606,26.161606,20,0,27,52,19,48
1691176930,04-08-2023 19:22,22,76,25.592289,24.592289,20,6,26,49,14,34
1691176990,04-08-2023 19:23,22,78,23.479668,22.479668,20,6,23,45,15,38
1691177050,04-08-2023 19:24,22,80,23.762897,22.762897,20,6,24,46,13,32
1691177110,04-08-2023 19:25,19,84,19.690786,18.690786,18,7,20,37,9,23
1691177170,04-08-2023 19:26,17,88,26.662102,25.662102,0,7,27,51,15,36
1691177230,04-08-2023 19:27,15,91,20.38948,19.38948,15,7,20,39,12,30
1691177290,04-08-2023 19:28,15,88,26.934803,25.934803,15,7,27,52,17,41
1691177350,04-08-2023 19:29,15,88,18.95993,17.95993,15,7,19,36,12,30
1691177410,04-08-2023 19:30,15,88,28.76926,27.76926,15,7,29,56,17,43
1691177470,04-08-2023 19:31,16,92,26.753662,25.753662,15,7,27,52,15,38
1691177530,04-08-2023 19:32,15,92,26.664703,25.664703,15,7,27,51,14,36
1691177590,04-08-2023 19:33,15,96,28.796764,27.796764,15,8,29,56,18,45
1691177650,04-08-2023 19:34,15,93,25.906147,24.906147,15,7,26,50,15,37
1691177710,04-08-2023 19:35,16,90,10.859373,9.859373,15,7,11,20,8,20
1691177770,04-08-2023 19:36,14,86,18.038792,17.038792,0,7,18,34,9,24
1691177830,04-08-2023 19:37,13,90,16.688913,15.688913,13,7,17,31,11,29
1691177890,04-08-2023 19:38,13,92,18.38697,17.38697,12,7,18,35,14,36
1691177951,04-08-2023 19:39,13,93,19.596771,18.596771,12,7,20,37,12,29
1691178011,04-08-2023 19:40,13,93,22.313465,21.313465,12,7,22,43,13,33
1691178071,04-08-2023 19:41,13,90,24.796272,23.796272,12,7,25,48,14,34
1691178131,04-08-2023 19:42,12,88,13.960964,12.960964,11,7,14,26,12,30
1691178191,04-08-2023 19:43,13,88,24.645376,23.645376,12,7,25,47,15,38
1691178251,04-08-2023 19:44,13,89,26.64567,,12,0,0,0,,
1691178311,04-08-2023 19:45,13,90,26.72563,25.72563,12,7,27,51,16,40
1691178370,04-08-2023 19:46,13,93,20.690605,19.690605,12,7,21,39,12,30
1691178430,04-08-2023 19:47,13,92,15.735877,14.735877,12,7,16,29,12,29
1691178490,04-08-2023 19:48,13,90,23.32394,22.32394,12,7,23,45,11,28
1691178550,04-08-2023 19:49,13,86,12.33148,11.33148,12,7,12,23,8,19
1691178610,04-08-2023 19:50,14,84,20.504955,19.504955,13,7,21,39,10,25
1691178670,04-08-2023 19:51,14,87,21.500332,20.500332,13,7,22,41,14,36
1691178730,04-08-2023 19:52,13,89,14.460837,13.460837,12,7,14,27,9,23
1691178790,04-08-2023 19:53,13,92,11.349219,10.349219,0,7,11,21,8,21
1691178850,04-08-2023 19:54,13,92,23.827671,22.827671,12,7,24,46,14,34
1691178910,04-08-2023 19:55,13,88,,,12,0,0,0,,
1691178970,04-08-2023 19:56,12,86,19.130672,18.130672,11,7,19,36,11,28
1691179030,04-08-2023 19:57,12,86,25.63401,24.63401,11,7,26,49,15,38
1691179090,04-08-2023 19:58,13,87,17.315277,16.315277,12,7,17,33,12,31
1691179150,04-08-2023 19:59,13,90,18.971899,17.971899,12,7,19,36,12,29
1691179210,04-08-2023 20:00,13,91,13.636719,12.636719,12,7,14,25,8,19
1691179270,04-08-2023 20:01,12,93,26.265434,25.265434,11,7,26,51,16,39
1691179330,04-08-2023 20:02,12,95,23.080284,22.080284,11,8,23,44,12,30
1691179390,04-08-2023 20:03,12,91,22.89013,21.89013,11,7,23,44,12,30
1691179450,04-08-2023 20:04,12,91,23.949627,22.949627,11,7,24,46,12,31
1691179510,04-08-2023 20:05,13,88,23.329632,22.329632,12,7,23,45,12,30
1691179570,04-08-2023 20:06,12,84,20.342537,19.342537,11,7,20,39,14,36
1691179630,04-08-2023 20:07,16,83,24.143047,23.143047,15,7,24,46,16,39
1691179690,04-08-2023 20:08,16,82,18.89771,17.89771,15,7,19,36,11,28
1691179750,04-08-2023 20:09,15,82,19.49983,18.49983,15,7,19,37,11,28
1691179810,04-08-2023 20:10,15,78,24.017124,23.017124,15,6,24,46,15,37
1691179870,04-08-2023 20:11,15,77,25.473354,24.473354,15,6,25,49,15,39
1691179930,04-08-2023 20:12,15,77,28.013737,27.013737,14,6,28,54,17,43
1691179990,04-08-2023 20:13,15,79,17.86959,16.86959,14,6,18,34,12,31
1691180050,04-08-2023 20:14,15,82,27.220219,26.220219,14,7,27,52,15,38
1691180110,04-08-2023 20:15,15,81,23.445963,22.445963,14,6,23,45,13,33
1691180170,04-08-2023 20:16,15,81,22.517502,21.517502,14,6,23,43,12,31
1691180230,04-08-2023 20:17,15,79,26.302172,25.302172,14,6,26,51,17,42
1691180290,04-08-2023 20:18,15,79,17.096878,16.096878,14,6,17,32,13,32
1691180350,04-08-2023 20:19,15,78,19.760048,18.760048,15,6,20,38,9,22
1691180410,04-08-2023 20:20,15,76,26.604633,25.604633,14,6,27,51,16,39
1691180470,04-08-2023 20:21,15,82,30.407171,29.407171,14,7,30,59,18,44
1691180530,04-08-2023 20:22,15,82,25.542027,24.542027,14,7,26,49,15,37
1691180590,04-08-2023 20:23,15,83,20.083387,19.083387,14,7,20,38,15,37
1691180650,04-08-2023 20:24,14,80,30.728573,29.728573,13,6,31,59,20,51
1691180710,04-08-2023 20:25,14,78,21.458351,20.458351,13,6,21,41,13,33
1691180770,04-08-2023 20:26,15,77,22.515467,21.515467,14,6,23,43,14,36
1691180830,04-08-2023 20:27,15,78,22.729336,21.729336,14,6,23,43,12,31
1691180890,04-08-2023 20:28,15,79,22.101871,21.101871,14,6,22,42,14,35
1691180950,04-08-2023 20:29,15,79,21.31358,20.31358,14,6,21,41,12,31
1691181010,04-08-2023 20:30,15,79,24.182205,23.182205,14,6,24,46,14,34
1691181070,04-08-2023 20:31,15,78,22.55001,21.55001,14,6,23,43,12,30
1691181130,04-08-2023 20:32,15,76,28.625137,27.625137,14,6,29,55,17,42
1691181190,04-08-2023 20:33,15,79,24.209232,23.209232,14,6,24,46,14,36
1691181250,04-08-2023 20:34,15,80,22.398207,21.398207,14,6,22,43,12,30
1691181310,04-08-2023 20:35,15,82,27.135693,26.135693,14,7,27,52,16,41
1691181370,04-08-2023 20:36,15,82,24.264175,23.264175,14,7,24,47,15,38
1691181430,04-08-2023 20:37,12,79,27.088093,26.088093,12,6,27,52,18,45
1691181490,04-08-2023 20:38,11,80,20.575974,19.575974,10,6,21,39,13,33
1691181550,04-08-2023 20:39,13,78,19.26601,18.26601,12,6,19,37,11,27
1691181610,04-08-2023 20:40,12,80,25.557438,24.557438,11,6,26,49,15,38
1691181670,04-08-2023 20:41,13,81,24.37622,23.37622,12,6,24,47,15,37
1691181730,04-08-2023 20:42,13,82,18.081959,17.081959,12,7,18,34,11,27
1691181790,04-08-2023 20:43,12,79,23.149998,22.149998,11,6,23,44,15,38
1691181850,04-08-2023 20:44,12,79,22.404406,21.404406,11,6,22,43,15,38
1691181910,04-08-2023 20:45,12,77,25.345144,24.345144,11,6,25,49,15,38
1691181970,04-08-2023 20:46,13,77,24.428623,23.428623,12,6,24,47,14,34
1691182030,04-08-2023 20:47,13,78,28.877758,27.877758,12,6,29,56,18,46
1691182090,04-08-2023 20:48,13,77,22.951725,21.951725,12,6,23,44,14,34
1691182150,04-08-2023 20:49,13,79,20.021702,19.021702,12,6,20,38,10,25
1691182210,04-08-2023 20:50,13,79,20.972038,19.972038,12,6,21,40,11,28
1691182270,04-08-2023 20:51,13,78,28.079697,27.079697,12,6,28,54,18,45
1691182330,04-08-2023 20:52,13,77,27.618286,26.618286,12,6,28,53,17,44
1691182390,04-08-2023 20:53,13,78,26.560678,25.560678,12,6,27,51,15,38
1691182450,04-08-2023 20:54,13,77,25.31985,24.31985,12,6,25,49,16,40
1691182510,04-08-2023 20:55,13,78,22.60774,21.60774,12,6,23,43,14,34
1691182570,04-08-2023 20:56,13,76,26.191025,25.191025,12,6,26,50,15,37
1691182630,04-08-2023 20:57,13,76,26.82879,25.82879,12,6,27,52,17,42
1691182690,04-08-2023 20:58,13,75,24.548042,23.548042,12,6,25,47,13,33
1691182750,04-08-2023 20:59,13,73,25.430433,24.430433,12,6,25,49,13,34
1691182810,04-08-2023 21:00,12,74,26.396042,25.396042,11,6,26,51,16,41
1691182870,04-08-2023 21:01,12,78,28.456966,27.456966,11,6,28,55,18,46
1691182930,04-08-2023 21:02,12,77,25.29354,24.29354,11,6,25,49,15,38
1691182990,04-08-2023 21:03,12,79,30.904617,29.904617,11,6,31,60,20,49
1691183050,04-08-2023 21:04,12,77,26.072058,25.072058,11,6,26,50,19,47
1691183110,04-08-2023 21:05,12,76,24.73931,23.73931,11,6,25,47,16,41
1691183170,04-08-2023 21:06,13,79,23.99547,22.99547,12,6,24,46,16,41
1691183230,04-08-2023 21:07,13,81,23.977882,22.977882,12,6,24,46,15,37
1691183290,04-08-2023 21:08,13,83,32.4021,31.402102,12,7,32,63,21,53
1691183350,04-08-2023 21:09,13,80,25.656548,24.656548,12,6,26,49,19,48
1691183410,04-08-2023 21:10,13,78,31.378853,30.378853,12,6,31,61,21,52
1691183470,04-08-2023 21:11,13,75,31.747566,30.747566,12,6,32,61,19,49
1691183530,04-08-2023 21:12,14,76,27.894855,26.894855,13,6,28,54,17,42
1691183590,04-08-2023 21:13,13,78,33.186947,32.186947,12,6,33,64,23,57
1691183650,04-08-2023 21:14,13,79,29.881554,28.881554,12,6,30,58,18,46
1691183710,04-08-2023 21:15,13,79,33.559525,32.559525,12,6,34,65,22,56
1691183770,04-08-2023 21:16,13,77,34.384827,33.384827,12,6,34,67,22,55
1691183830,04-08-2023 21:17,13,74,25.210773,24.210773,12,6,25,48,16,40
1691183890,04-08-2023 21:18,15,72,29.381836,28.381836,14,6,29,57,20,49
1691183950,04-08-2023 21:19,13,74,30.923168,29.923168,12,6,31,60,21,52
1691184010,04-08-2023 21:20,14,76,26.374578,25.374578,13,6,26,51,19,48
1691184070,04-08-2023 21:21,14,76,30.934843,29.934843,13,6,31,60,20,49
1691184130,04-08-2023 21:22,14,74,26.380451,25.380451,13,6,26,51,16,41
1691184190,04-08-2023 21:23,13,75,28.381666,27.381666,12,6,28,55,18,45
1691184250,04-08-2023 21:24,14,73,33.85134,32.85134,13,6,34,66,23,58
1691184310,04-08-2023 21:25,15,73,32.617233,31.617231,14,6,33,63,21,52
1691184370,04-08-2023 21:26,15,75,33.13961,32.13961,14,6,33,64,21,53
1691184430,04-08-2023 21:27,15,74,29.49857,28.49857,0,6,29,57,18,46
1691184490,04-08-2023 21:28,15,75,28.513338,27.513338,14,6,29,55,18,44
1691184550,04-08-2023 21:29,14,74,25.629059,24.629059,13,6,26,49,17,43
1691184610,04-08-2023 21:30,15,74,29.611773,28.611773,14,6,30,57,20,50
1691184670,04-08-2023 21:31,14,76,36.490036,35.490036,13,6,36,71,25,62
1691184730,04-08-2023 21:32,13,77,27.030493,26.030493,12,6,27,52,19,47
1691184790,04-08-2023 21:33,13,79,29.994846,28.994846,12,6,30,58,19,48
1691184850,04-08-2023 21:34,13,79,32.65777,31.657768,12,6,33,63,21,53
1691184910,04-08-2023 21:35,13,78,32.47352,31.473518,12,6,32,63,21,52
1691184970,04-08-2023 21:36,14,75,41.10263,40.10263,13,6,41,80,28,71
1691185030,04-08-2023 21:37,14,75,32.66589,31.66589,0,6,33,63,22,54
1691185090,04-08-2023 21:38,14,76,39.652504,38.652504,13,6,40,77,27,66
1691185150,04-08-2023 21:39,14,78,,,13,6,0,0,,
1691185210,04-08-2023 21:40,14,76,35.59742,34.59742,13,6,36,69,22,55
1691185270,04-08-2023 21:41,13,76,40.941963,39.941963,12,6,41,80,30,74
1691185330,04-08-2023 21:42,13,74,33.380314,32.380314,12,6,33,65,25,62
1691185390,04-08-2023 21:43,14,74,35.131554,34.131554,13,0,35,68,23,59
1691185450,04-08-2023 21:44,14,73,33.433067,32.433067,13,6,33,65,22,54
1691185510,04-08-2023 21:45,15,73,33.645473,32.645473,14,6,34,65,22,55
1691185570,04-08-2023 21:46,14,75,34.173824,33.173824,13,6,34,66,24,59
1691185630,04-08-2023 21:47,14,76,33.59253,32.59253,0,6,34,65,23,59
1691185690,04-08-2023 21:48,14,77,39.42492,38.42492,13,6,39,77,27,68
1691185750,04-08-2023 21:49,14,76,37.031967,36.031967,13,6,37,72,26,64
1691185810,04-08-2023 21:50,14,74,36.068207,35.068207,13,6,36,70,24,59
1691185870,04-08-2023 21:51,15,72,35.6659,34.6659,14,6,36,69,23,57
1691185930,04-08-2023 21:52,15,73,38.76903,37.76903,14,6,39,76,25,64
1691185990,04-08-2023 21:53,15,77,35.059,34.059,14,6,35,68,22,56
1691186050,04-08-2023 21:54,15,76,38.00056,37.00056,14,6,38,74,26,66
1691186110,04-08-2023 21:55,15,76,40.045418,39.045418,14,6,40,78,27,68
1691186170,04-08-2023 21:56,15,74,40.390957,39.390957,14,6,40,79,28,70
1691186230,04-08-2023 21:57,16,73,42.242523,41.242523,0,6,42,82,30,74
1691186290,04-08-2023 21:58,17,74,43.789906,42.789906,16,6,44,86,31,78
1691186350,04-08-2023 21:59,17,75,41.601143,40.601143,16,6,42,81,29,72
1691186410,04-08-2023 22:00,17,76,42.372917,41.372917,16,6,42,83,29,72
1691186470,04-08-2023 22:01,17,75,37.416527,36.416527,16,6,37,73,25,62
1691186530,04-08-2023 22:02,17,74,38.38568,37.38568,16,6,38,75,25,62
1691186590,04-08-2023 22:03,17,73,37.345894,36.345894,16,6,37,73,26,64
1691186650,04-08-2023 22:04,17,70,36.336956,35.336956,16,6,36,71,25,63
1691186710,04-08-2023 22:05,18,72,36.185604,35.185604,17,6,36,70,26,64
1691186770,04-08-2023 22:06,17,72,42.90425,41.90425,16,6,43,84,30,75
1691186830,04-08-2023 22:07,20,76,32.25423,31.25423,19,6,32,63,20,51
1691186890,04-08-2023 22:08,20,74,37.598793,36.598793,19,6,38,73,25,63
1691186950,04-08-2023 22:09,19,72,36.211052,35.211052,18,6,36,70,24,61
1691187010,04-08-2023 22:10,20,72,37.697792,36.697792,19,6,38,73,25,63
1691187070,04-08-2023 22:11,20,72,37.31567,36.31567,19,6,37,73,25,63
1691187130,04-08-2023 22:12,20,74,38.59716,37.59716,19,6,39,75,27,68
1691187190,04-08-2023 22:13,21,74,40.43261,39.43261,19,6,40,79,27,68
1691187250,04-08-2023 22:14,20,73,34.62799,33.62799,19,6,35,67,22,55
1691187310,04-08-2023 22:15,19,75,42.531727,41.531727,18,6,43,83,30,76
1691187370,04-08-2023 22:16,20,72,39.02591,38.02591,19,6,39,76,27,66
1691187430,04-08-2023 22:17,22,74,40.9264,39.9264,21,6,41,80,28,71
1691187490,04-08-2023 22:18,22,70,42.5792,41.5792,20,6,43,83,30,74
1691187550,04-08-2023 22:19,22,73,36.74892,35.74892,22,6,37,71,23,58
1691187610,04-08-2023 22:20,22,74,41.693993,40.693993,22,6,42,81,29,72
1691187670,04-08-2023 22:21,22,73,43.26217,42.26217,22,6,43,85,32,79
1691187730,04-08-2023 22:22,22,72,35.673515,34.673515,20,6,36,69,25,62
1691187790,04-08-2023 22:23,22,71,36.277393,35.277393,22,6,36,71,25,61
1691187850,04-08-2023 22:24,23,71,41.084553,40.084553,23,6,41,80,28,70
1691187910,04-08-2023 22:25,23,71,41.40261,40.40261,23,6,41,81,29,74
1691187970,04-08-2023 22:26,22,71,35.33943,34.33943,20,6,35,69,23,56
1691188030,04-08-2023 22:27,22,73,36.88999,35.88999,22,6,37,72,24,60
1691188090,04-08-2023 22:28,22,73,36.001675,35.001675,22,6,36,70,23,58
1691188150,04-08-2023 22:29,23,70,36.3095,35.3095,23,6,36,71,27,66
1691188210,04-08-2023 22:30,22,70,43.241592,42.241592,22,6,43,84,29,74
1691188270,04-08-2023 22:31,22,71,40.28566,39.28566,22,6,40,79,27,68
1691188330,04-08-2023 22:32,23,72,37.108784,36.108784,23,6,37,72,25,63
1691188390,04-08-2023 22:33,22,73,39.71762,38.71762,22,6,40,77,27,67
1691188450,04-08-2023 22:34,23,72,32.164238,31.164238,23,6,32,62,19,48
1691188510,04-08-2023 22:35,23,68,37.04709,36.04709,23,5,37,72,26,64
1691188570,04-08-2023 22:36,22,67,42.75692,41.75692,22,5,43,84,31,77
1691188630,04-08-2023 22:37,23,67,39.208412,38.208412,23,5,39,76,26,64
1691188690,04-08-2023 22:38,23,69,40.085823,39.085823,23,6,40,78,27,68
1691188750,04-08-2023 22:39,23,69,36.227848,35.227848,23,6,36,70,24,61
1691188810,04-08-2023 22:40,23,70,33.453423,32.453423,23,6,33,65,21,53
1691188870,04-08-2023 22:41,23,68,36.036423,35.036423,23,5,36,70,23,57
1691188930,04-08-2023 22:42,23,66,39.68754,38.68754,23,5,40,77,26,66
1691188990,04-08-2023 22:43,23,66,35.343594,34.343594,23,5,35,69,22,54
1691189050,04-08-2023 22:44,23,67,43.018574,42.018574,23,5,43,84,30,74
1691189110,04-08-2023 22:45,23,69,35.62764,34.62764,23,6,36,69,24,59
1691189170,04-08-2023 22:46,23,71,35.365944,34.365944,23,6,35,69,22,55
1691189230,04-08-2023 22:47,23,70,42.477974,41.477974,23,6,42,83,29,73
1691189290,04-08-2023 22:48,23,67,31.17366,30.17366,23,5,31,60,20,49
1691189350,04-08-2023 22:49,23,66,39.17122,38.17122,23,5,39,76,26,66
1691189410,04-08-2023 22:50,24,67,36.772007,35.772007,24,5,37,72,24,60
1691189470,04-08-2023 22:51,24,67,34.052406,33.052406,24,5,34,66,22,55
1691189530,04-08-2023 22:52,23,69,36.94609,35.94609,23,6,37,72,25,62
1691189590,04-08-2023 22:53,24,69,31.427164,30.427164,24,6,31,61,18,45
1691189650,04-08-2023 22:54,23,69,35.420513,34.420513,23,6,35,69,23,56
1691189710,04-08-2023 22:55,23,67,38.11634,37.11634,23,5,38,74,26,66
1691189770,04-08-2023 22:56,24,67,36.180653,35.180653,24,5,36,70,25,62
1691189830,04-08-2023 22:57,24,68,32.37523,31.375229,24,5,32,63,20,49
1691189890,04-08-2023 22:58,24,69,36.13633,35.13633,24,6,36,70,24,60
1691189950,04-08-2023 22:59,24,69,34.454334,33.454334,24,6,34,67,22,56
1691190010,04-08-2023 23:00,24,71,38.535103,37.535103,24,6,39,75,25,64
1691190070,04-08-2023 23:01,23,69,40.685577,39.685577,23,6,41,79,28,71
1691190130,04-08-2023 23:02,24,67,35.951744,34.951744,24,5,36,70,24,59
1691190190,04-08-2023 23:03,24,67,39.762875,38.762875,24,5,40,78,27,67
1691190250,04-08-2023 23:04,24,68,36.674553,35.674553,24,5,37,71,24,60
1691190310,04-08-2023 23:05,24,70,38.67325,37.67325,24,6,39,75,26,64
1691190370,04-08-2023 23:06,24,69,34.366596,33.366596,24,6,34,67,24,60
1691190430,04-08-2023 23:07,23,67,35.162376,34.162376,23,5,35,68,22,56
1691190490,04-08-2023 23:08,23,66,39.573853,38.573853,23,5,40,77,27,67
1691190550,04-08-2023 23:09,24,68,41.59804,40.59804,24,5,42,81,30,74
1691190610,04-08-2023 23:10,24,69,37.54686,36.54686,24,6,38,73,26,64
1691190670,04-08-2023 23:11,24,71,38.520958,37.520958,24,6,39,75,26,64
1691190730,04-08-2023 23:12,23,71,42.002785,41.002785,23,6,42,82,29,72
1691190790,04-08-2023 23:13,23,70,35.0838,34.0838,23,6,35,68,23,58
1691190850,04-08-2023 23:14,23,67,34.93486,33.93486,23,5,35,68,22,54
1691190910,04-08-2023 23:15,24,66,36.61216,35.61216,24,5,37,71,25,63
1691190970,04-08-2023 23:16,24,67,42.4455,41.4455,24,5,42,83,30,75
1691191030,04-08-2023 23:17,24,69,39.006413,38.006413,24,6,39,76,28,69
1691191090,04-08-2023 23:18,24,70,36.335445,35.335445,24,6,36,71,25,63
1691191150,04-08-2023 23:19,23,71,48.501003,47.501003,23,6,49,95,36,91
1691191210,04-08-2023 23:20,23,68,34.848045,33.848045,23,5,35,68,23,57
1691191270,04-08-2023 23:21,23,66,39.186058,38.186058,23,5,39,76,27,69
1691191330,04-08-2023 23:22,25,66,41.248695,40.248695,25,5,41,80,28,70
1691191390,04-08-2023 23:23,24,67,32.850986,31.850986,24,5,33,64,21,53
1691191450,04-08-2023 23:24,23,70,39.57316,38.57316,23,6,40,77,27,68
1691191510,04-08-2023 23:25,23,73,33.296158,32.296158,23,6,33,65,20,51
1691191570,04-08-2023 23:26,23,69,39.102158,38.102158,23,6,39,76,27,68
1691191630,04-08-2023 23:27,22,69,36.25745,35.25745,22,6,36,71,25,63
1691191690,04-08-2023 23:28,22,68,37.779663,36.779663,22,5,38,74,25,62
1691191750,04-08-2023 23:29,22,70,41.962936,40.962936,21,6,42,82,30,74
1691191810,04-08-2023 23:30,22,73,38.509342,37.509342,21,6,39,75,26,66
1691191870,04-08-2023 23:31,22,74,41.3414,40.3414,22,6,41,81,29,72
1691191930,04-08-2023 23:32,22,75,36.081623,35.081623,20,6,36,70,24,60
1691191990,04-08-2023 23:33,22,73,38.950123,37.950123,20,6,39,76,26,64
1691192050,04-08-2023 23:34,22,72,38.60771,37.60771,22,6,39,75,27,67
1691192110,04-08-2023 23:35,22,70,37.280643,36.280643,21,6,37,73,25,61
1691192170,04-08-2023 23:36,23,72,36.00935,35.00935,23,6,36,70,24,60
1691192230,04-08-2023 23:37,22,73,41.898293,40.898293,22,6,42,82,30,74
1691192290,04-08-2023 23:38,22,72,38.955093,37.955093,20,6,39,76,26,64
1691192350,04-08-2023 23:39,22,71,38.67287,37.67287,22,6,39,75,26,66
1691192410,04-08-2023 23:40,22,70,37.122322,36.122322,21,6,37,72,25,62
1691192470,04-08-2023 23:41,22,68,38.080048,37.080048,22,5,38,74,26,64
1691192530,04-08-2023 23:42,23,70,41.856377,40.856377,23,6,42,82,30,75
1691192590,04-08-2023 23:43,23,70,41.084633,40.084633,23,6,41,80,29,73
1691192650,04-08-2023 23:44,22,70,40.27863,39.27863,22,6,40,79,28,69
1691192710,04-08-2023 23:45,22,71,36.042507,35.042507,20,6,36,70,23,58
1691192770,04-08-2023 23:46,23,67,45.15023,44.15023,23,5,45,88,32,81
1691192830,04-08-2023 23:47,23,67,39.499313,38.499313,0,5,39,77,27,68
1691192890,04-08-2023 23:48,23,67,45.593845,44.593845,23,5,46,89,32,80
1691192950,04-08-2023 23:49,23,68,42.870754,41.870754,23,5,43,84,30,76
1691193010,04-08-2023 23:50,23,69,41.362892,40.362892,23,6,41,81,28,69
1691193070,04-08-2023 23:51,22,71,45.49344,44.49344,22,6,45,89,32,81
1691193130,04-08-2023 23:52,23,70,37.25004,36.25004,23,6,37,73,24,59
1691193190,04-08-2023 23:53,23,68,41.850533,40.850533,23,5,42,82,29,72
1691193250,04-08-2023 23:54,22,67,41.797966,40.797966,22,5,42,82,29,72
1691193310,04-08-2023 23:55,23,69,40.645157,39.645157,23,6,41,79,28,71
1691193370,04-08-2023 23:56,23,71,42.196983,41.196983,23,6,42,82,29,72
1691193430,04-08-2023 23:57,23,73,42.992977,41.992977,0,6,43,84,31,77
1691193490,04-08-2023 23:58,23,72,37.678787,36.678787,23,6,38,73,25,63
1691193550,04-08-2023 23:59,23,71,43.76217,42.76217,23,6,44,86,31,77
